-- MySQL dump 10.13  Distrib 8.0.42, for Linux (x86_64)
--
-- Host: localhost    Database: bfis_website
-- ------------------------------------------------------
-- Server version	8.0.42-0ubuntu0.20.04.1

/*!40101 SET @OLD_CHARACTER_SET_CLIENT=@@CHARACTER_SET_CLIENT */;
/*!40101 SET @OLD_CHARACTER_SET_RESULTS=@@CHARACTER_SET_RESULTS */;
/*!40101 SET @OLD_COLLATION_CONNECTION=@@COLLATION_CONNECTION */;
/*!50503 SET NAMES utf8mb4 */;
/*!40103 SET @OLD_TIME_ZONE=@@TIME_ZONE */;
/*!40103 SET TIME_ZONE='+00:00' */;
/*!40014 SET @OLD_UNIQUE_CHECKS=@@UNIQUE_CHECKS, UNIQUE_CHECKS=0 */;
/*!40014 SET @OLD_FOREIGN_KEY_CHECKS=@@FOREIGN_KEY_CHECKS, FOREIGN_KEY_CHECKS=0 */;
/*!40101 SET @OLD_SQL_MODE=@@SQL_MODE, SQL_MODE='NO_AUTO_VALUE_ON_ZERO' */;
/*!40111 SET @OLD_SQL_NOTES=@@SQL_NOTES, SQL_NOTES=0 */;

--
-- Table structure for table `event_images`
--

DROP TABLE IF EXISTS `event_images`;
/*!40101 SET @saved_cs_client     = @@character_set_client */;
/*!50503 SET character_set_client = utf8mb4 */;
CREATE TABLE `event_images` (
  `id` int NOT NULL AUTO_INCREMENT,
  `event_id` int NOT NULL,
  `image_name` varchar(255) COLLATE utf8mb4_general_ci DEFAULT NULL,
  `update_date` timestamp NOT NULL DEFAULT CURRENT_TIMESTAMP,
  PRIMARY KEY (`id`),
  KEY `event_id` (`event_id`)
) ENGINE=InnoDB AUTO_INCREMENT=907 DEFAULT CHARSET=utf8mb4 COLLATE=utf8mb4_general_ci;
/*!40101 SET character_set_client = @saved_cs_client */;

--
-- Dumping data for table `event_images`
--

LOCK TABLES `event_images` WRITE;
/*!40000 ALTER TABLE `event_images` DISABLE KEYS */;
INSERT INTO `event_images` VALUES (120,20,'event_images/nutrition_week/img1.jpg','2025-03-21 09:36:40'),(121,20,'event_images/nutrition_week/img2.jpg','2025-03-21 09:36:40'),(122,20,'event_images/nutrition_week/img3.jpg','2025-03-21 09:36:40'),(123,20,'event_images/nutrition_week/img4.jpg','2025-03-21 09:36:40'),(124,21,'event_images/opinionator/img1.jpg','2025-03-21 09:50:52'),(125,21,'event_images/opinionator/img2.jpg','2025-03-21 09:50:52'),(126,21,'event_images/opinionator/img3.jpg','2025-03-21 09:50:52'),(127,21,'event_images/opinionator/img4.jpg','2025-03-21 09:50:52'),(128,21,'event_images/opinionator/img5.jpg','2025-03-21 09:50:52'),(129,21,'event_images/opinionator/img6.jpg','2025-03-21 09:50:52'),(130,21,'event_images/opinionator/img7.jpg','2025-03-21 09:50:52'),(131,21,'event_images/opinionator/img8.jpg','2025-03-21 09:50:52'),(132,21,'event_images/opinionator/img9.jpg','2025-03-21 09:50:52'),(133,21,'event_images/opinionator/img10.jpg','2025-03-21 09:50:52'),(134,21,'event_images/opinionator/img11.jpg','2025-03-21 09:50:52'),(135,22,'event_images/diwali_celebration/img1.jpg','2025-03-21 09:53:21'),(136,22,'event_images/diwali_celebration/img2.jpg','2025-03-21 09:53:21'),(137,22,'event_images/diwali_celebration/img3.jpg','2025-03-21 09:53:21'),(138,22,'event_images/diwali_celebration/img4.jpg','2025-03-21 09:53:21'),(139,22,'event_images/diwali_celebration/img5.jpg','2025-03-21 09:53:21'),(140,22,'event_images/diwali_celebration/img6.jpg','2025-03-21 09:53:21'),(154,25,'event_images/salad_making_activity/img1.jpg','2025-03-23 18:20:39'),(155,25,'event_images/salad_making_activity/img2.jpg','2025-03-23 18:20:39'),(156,25,'event_images/salad_making_activity/img3.jpg','2025-03-23 18:20:39'),(157,25,'event_images/salad_making_activity/img4.jpg','2025-03-23 18:20:39'),(158,25,'event_images/salad_making_activity/img5.jpg','2025-03-23 18:20:39'),(159,25,'event_images/salad_making_activity/img6.jpg','2025-03-23 18:20:39'),(160,25,'event_images/salad_making_activity/img7.jpg','2025-03-23 18:20:39'),(161,26,'event_images/republic_day_celebration/img1.jpg','2025-03-24 03:37:34'),(162,26,'event_images/republic_day_celebration/img2.jpg','2025-03-24 03:37:34'),(163,26,'event_images/republic_day_celebration/img3.jpg','2025-03-24 03:37:34'),(164,26,'event_images/republic_day_celebration/img4.jpg','2025-03-24 03:37:34'),(165,26,'event_images/republic_day_celebration/img5.jpg','2025-03-24 03:37:34'),(166,26,'event_images/republic_day_celebration/img6.jpg','2025-03-24 03:37:34'),(167,27,'event_images/lohri_celebration/img2.jpg','2025-03-24 03:43:08'),(168,27,'event_images/lohri_celebration/img3.jpg','2025-03-24 03:43:08'),(169,27,'event_images/lohri_celebration/img4.jpg','2025-03-24 03:43:08'),(170,27,'event_images/lohri_celebration/img5.jpg','2025-03-24 03:43:08'),(171,27,'event_images/lohri_celebration/img6.jpg','2025-03-24 03:43:08'),(172,28,'event_images/inclusion_workshop/img2.jpg','2025-03-24 03:45:10'),(173,28,'event_images/inclusion_workshop/img3.jpg','2025-03-24 03:45:10'),(174,28,'event_images/inclusion_workshop/img4.jpg','2025-03-24 03:45:10'),(175,28,'event_images/inclusion_workshop/img5.jpg','2025-03-24 03:45:10'),(176,28,'event_images/inclusion_workshop/img6.jpg','2025-03-24 03:45:10'),(177,28,'event_images/inclusion_workshop/img7.jpg','2025-03-24 03:45:10'),(178,29,'event_images/christmas_celebration/img2.jpg','2025-03-24 03:48:10'),(179,29,'event_images/christmas_celebration/img3.jpg','2025-03-24 03:48:10'),(180,29,'event_images/christmas_celebration/img4.jpg','2025-03-24 03:48:10'),(181,29,'event_images/christmas_celebration/img5.jpg','2025-03-24 03:48:10'),(182,30,'event_images/postal_drill/img2.jpg','2025-03-24 03:50:06'),(183,30,'event_images/postal_drill/img3.jpg','2025-03-24 03:50:06'),(184,30,'event_images/postal_drill/img4.jpg','2025-03-24 03:50:06'),(185,30,'event_images/postal_drill/img5.jpg','2025-03-24 03:50:06'),(186,30,'event_images/postal_drill/img6.jpg','2025-03-24 03:50:06'),(187,30,'event_images/postal_drill/img7.jpg','2025-03-24 03:50:06'),(188,31,'event_images/soft_skill___career_guidance/img2.jpg','2025-03-24 03:51:59'),(189,31,'event_images/soft_skill___career_guidance/img3.jpg','2025-03-24 03:51:59'),(190,31,'event_images/soft_skill___career_guidance/img4.jpg','2025-03-24 03:51:59'),(191,31,'event_images/soft_skill___career_guidance/img5.jpg','2025-03-24 03:51:59'),(192,32,'event_images/story_eanctment/img2.jpg','2025-03-24 03:54:04'),(193,32,'event_images/story_eanctment/img3.jpg','2025-03-24 03:54:04'),(194,32,'event_images/story_eanctment/img4.jpg','2025-03-24 03:54:04'),(195,32,'event_images/story_eanctment/img5.jpg','2025-03-24 03:54:04'),(196,33,'event_images/story_enactment_kindergarten/img2.jpg','2025-03-24 03:56:11'),(197,33,'event_images/story_enactment_kindergarten/img3.jpg','2025-03-24 03:56:11'),(198,33,'event_images/story_enactment_kindergarten/img4.jpg','2025-03-24 03:56:11'),(199,34,'event_images/cbse_cluster_games/img2.jpg','2025-03-24 03:57:42'),(200,34,'event_images/cbse_cluster_games/img3.jpg','2025-03-24 03:57:42'),(201,35,'event_images/meet_the_community_helpers/img1.jpg','2025-03-24 04:00:39'),(202,35,'event_images/meet_the_community_helpers/img2.jpg','2025-03-24 04:00:39'),(203,35,'event_images/meet_the_community_helpers/img3.jpg','2025-03-24 04:00:39'),(204,35,'event_images/meet_the_community_helpers/img4.jpg','2025-03-24 04:00:39'),(205,35,'event_images/meet_the_community_helpers/img5.jpg','2025-03-24 04:00:39'),(206,35,'event_images/meet_the_community_helpers/img6.jpg','2025-03-24 04:00:39'),(207,35,'event_images/meet_the_community_helpers/img7.jpg','2025-03-24 04:00:39'),(208,36,'event_images/toy_donation_prabh_aasra/img2.jpg','2025-03-24 04:02:08'),(209,36,'event_images/toy_donation_prabh_aasra/img3.jpg','2025-03-24 04:02:08'),(210,36,'event_images/toy_donation_prabh_aasra/img4.jpg','2025-03-24 04:02:08'),(211,37,'event_images/teacher_s_day_celebration/img1.jpg','2025-03-24 04:05:26'),(212,37,'event_images/teacher_s_day_celebration/img2.jpg','2025-03-24 04:05:26'),(213,37,'event_images/teacher_s_day_celebration/img3.jpg','2025-03-24 04:05:26'),(214,37,'event_images/teacher_s_day_celebration/img4.jpg','2025-03-24 04:05:26'),(215,37,'event_images/teacher_s_day_celebration/img5.jpg','2025-03-24 04:05:26'),(216,37,'event_images/teacher_s_day_celebration/img6.jpg','2025-03-24 04:05:26'),(217,37,'event_images/teacher_s_day_celebration/img8.jpg','2025-03-24 04:05:26'),(218,38,'event_images/national_sports_day/img2.jpg','2025-03-24 04:06:30'),(219,38,'event_images/national_sports_day/img3.jpg','2025-03-24 04:06:30'),(220,38,'event_images/national_sports_day/img4.jpg','2025-03-24 04:06:30'),(221,39,'event_images/mini_marathon/img2.jpg','2025-03-24 04:08:32'),(222,39,'event_images/mini_marathon/img3.jpg','2025-03-24 04:08:32'),(223,39,'event_images/mini_marathon/img4.jpg','2025-03-24 04:08:32'),(224,39,'event_images/mini_marathon/img5.jpg','2025-03-24 04:08:32'),(235,42,'event_images/esperanza_24_annual_day_celebration/img1.jpg','2025-03-24 07:16:08'),(236,42,'event_images/esperanza_24_annual_day_celebration/img2.jpg','2025-03-24 07:16:08'),(237,42,'event_images/esperanza_24_annual_day_celebration/img3.jpg','2025-03-24 07:16:08'),(238,42,'event_images/esperanza_24_annual_day_celebration/img4.jpg','2025-03-24 07:16:08'),(239,42,'event_images/esperanza_24_annual_day_celebration/img5.jpg','2025-03-24 07:16:08'),(240,42,'event_images/esperanza_24_annual_day_celebration/img6.jpg','2025-03-24 07:16:08'),(241,42,'event_images/esperanza_24_annual_day_celebration/img7.jpg','2025-03-24 07:16:08'),(242,42,'event_images/esperanza_24_annual_day_celebration/img8.jpg','2025-03-24 07:16:08'),(243,42,'event_images/esperanza_24_annual_day_celebration/img9.jpg','2025-03-24 07:16:08'),(244,42,'event_images/esperanza_24_annual_day_celebration/img10.jpg','2025-03-24 07:16:08'),(245,42,'event_images/esperanza_24_annual_day_celebration/img11.jpg','2025-03-24 07:16:08'),(246,42,'event_images/esperanza_24_annual_day_celebration/img12.jpg','2025-03-24 07:16:08'),(247,42,'event_images/esperanza_24_annual_day_celebration/img13.jpg','2025-03-24 07:16:08'),(248,42,'event_images/esperanza_24_annual_day_celebration/img14.jpg','2025-03-24 07:16:08'),(249,42,'event_images/esperanza_24_annual_day_celebration/img15.jpg','2025-03-24 07:16:08'),(250,43,'event_images/krishna_janmashtami_festival/img1.jpg','2025-03-24 07:19:37'),(251,43,'event_images/krishna_janmashtami_festival/img2.jpg','2025-03-24 07:19:37'),(252,43,'event_images/krishna_janmashtami_festival/img3.jpg','2025-03-24 07:19:37'),(253,43,'event_images/krishna_janmashtami_festival/img4.jpg','2025-03-24 07:19:37'),(254,43,'event_images/krishna_janmashtami_festival/img5.jpg','2025-03-24 07:19:37'),(255,43,'event_images/krishna_janmashtami_festival/img6.jpg','2025-03-24 07:19:37'),(256,43,'event_images/krishna_janmashtami_festival/img7.jpg','2025-03-24 07:19:37'),(257,44,'event_images/independence_day_celebration/img1.jpg','2025-03-24 07:20:21'),(258,44,'event_images/independence_day_celebration/img2.jpg','2025-03-24 07:20:21'),(259,44,'event_images/independence_day_celebration/img3.jpg','2025-03-24 07:20:21'),(260,44,'event_images/independence_day_celebration/img4.jpg','2025-03-24 07:20:21'),(261,44,'event_images/independence_day_celebration/img5.jpg','2025-03-24 07:20:21'),(262,44,'event_images/independence_day_celebration/img6.jpg','2025-03-24 07:20:21'),(263,45,'event_images/blood_donation_camp/img1.jpg','2025-03-24 07:21:01'),(264,45,'event_images/blood_donation_camp/img2.jpg','2025-03-24 07:21:01'),(265,45,'event_images/blood_donation_camp/img3.jpg','2025-03-24 07:21:01'),(266,45,'event_images/blood_donation_camp/img4.jpg','2025-03-24 07:21:01'),(267,46,'event_images/traffic_awareness_workshop/img1.jpg','2025-03-24 07:21:32'),(268,46,'event_images/traffic_awareness_workshop/img2.jpg','2025-03-24 07:21:32'),(269,46,'event_images/traffic_awareness_workshop/img3.jpg','2025-03-24 07:21:32'),(270,46,'event_images/traffic_awareness_workshop/img4.jpg','2025-03-24 07:21:32'),(271,47,'event_images/environment_awareness/img1.jpg','2025-03-24 07:22:12'),(272,47,'event_images/environment_awareness/img2.jpg','2025-03-24 07:22:12'),(273,47,'event_images/environment_awareness/img3.jpg','2025-03-24 07:22:12'),(274,47,'event_images/environment_awareness/img4.jpg','2025-03-24 07:22:12'),(275,47,'event_images/environment_awareness/img5.jpg','2025-03-24 07:22:12'),(280,49,'event_images/international_tiger_day/img1.jpg','2025-03-24 07:28:10'),(281,49,'event_images/international_tiger_day/img2.jpg','2025-03-24 07:28:10'),(282,49,'event_images/international_tiger_day/img3.jpg','2025-03-24 07:28:10'),(283,49,'event_images/international_tiger_day/img4.jpg','2025-03-24 07:28:10'),(284,50,'event_images/plantation_drive/img1.jpg','2025-03-24 07:30:22'),(285,50,'event_images/plantation_drive/img2.jpg','2025-03-24 07:30:22'),(286,50,'event_images/plantation_drive/img3.jpg','2025-03-24 07:30:22'),(287,50,'event_images/plantation_drive/img4.jpg','2025-03-24 07:30:22'),(288,51,'event_images/educational_trip_traffic_park_visit/img1.jpg','2025-03-24 07:31:05'),(289,51,'event_images/educational_trip_traffic_park_visit/img2.jpg','2025-03-24 07:31:05'),(290,51,'event_images/educational_trip_traffic_park_visit/img3.jpg','2025-03-24 07:31:05'),(291,51,'event_images/educational_trip_traffic_park_visit/img4.jpg','2025-03-24 07:31:05'),(292,52,'event_images/medical_camp_organized_by_homi_bhabha_cancer_and_research_centre/img1.jpg','2025-03-24 07:31:41'),(293,52,'event_images/medical_camp_organized_by_homi_bhabha_cancer_and_research_centre/img2.jpg','2025-03-24 07:31:41'),(294,52,'event_images/medical_camp_organized_by_homi_bhabha_cancer_and_research_centre/img3.jpg','2025-03-24 07:31:41'),(295,52,'event_images/medical_camp_organized_by_homi_bhabha_cancer_and_research_centre/img4.jpg','2025-03-24 07:31:41'),(296,53,'event_images/monsoon_mania/img1.jpg','2025-03-24 07:40:43'),(297,53,'event_images/monsoon_mania/img2.jpg','2025-03-24 07:40:43'),(298,53,'event_images/monsoon_mania/img3.jpg','2025-03-24 07:40:43'),(299,53,'event_images/monsoon_mania/img4.jpg','2025-03-24 07:40:43'),(300,54,'event_images/seminar_on_cancer_awareness/img1.jpg','2025-03-24 07:41:17'),(301,54,'event_images/seminar_on_cancer_awareness/img2.jpg','2025-03-24 07:41:17'),(302,54,'event_images/seminar_on_cancer_awareness/img3.jpg','2025-03-24 07:41:17'),(303,55,'event_images/seed_germination/img1.jpg','2025-03-24 07:41:55'),(304,55,'event_images/seed_germination/img2.jpg','2025-03-24 07:41:55'),(305,55,'event_images/seed_germination/img3.jpg','2025-03-24 07:41:55'),(306,55,'event_images/seed_germination/img4.jpg','2025-03-24 07:41:55'),(307,55,'event_images/seed_germination/img5.jpg','2025-03-24 07:41:55'),(308,56,'event_images/investiture_ceremony/img1.jpg','2025-03-24 07:42:28'),(309,56,'event_images/investiture_ceremony/img2.jpg','2025-03-24 07:42:28'),(310,56,'event_images/investiture_ceremony/img3.jpg','2025-03-24 07:42:28'),(311,56,'event_images/investiture_ceremony/img4.jpg','2025-03-24 07:42:28'),(312,56,'event_images/investiture_ceremony/img5.jpg','2025-03-24 07:42:28'),(313,57,'event_images/cbse_workshop/img1.jpg','2025-03-24 07:43:05'),(314,57,'event_images/cbse_workshop/img2.jpg','2025-03-24 07:43:05'),(315,57,'event_images/cbse_workshop/img3.jpg','2025-03-24 07:43:05'),(316,57,'event_images/cbse_workshop/img4.jpg','2025-03-24 07:43:05'),(317,57,'event_images/cbse_workshop/img5.jpg','2025-03-24 07:43:05'),(318,58,'event_images/international_yoga_day/img1.jpg','2025-03-24 07:43:50'),(319,58,'event_images/international_yoga_day/img2.jpg','2025-03-24 07:43:50'),(320,58,'event_images/international_yoga_day/img3.jpg','2025-03-24 07:43:50'),(321,58,'event_images/international_yoga_day/img4.jpg','2025-03-24 07:43:50'),(322,58,'event_images/international_yoga_day/img5.jpg','2025-03-24 07:43:50'),(323,59,'event_images/grade_10_trekking___camping/img1.jpg','2025-03-24 07:44:39'),(324,59,'event_images/grade_10_trekking___camping/img2.jpg','2025-03-24 07:44:39'),(325,59,'event_images/grade_10_trekking___camping/img3.jpg','2025-03-24 07:44:39'),(326,59,'event_images/grade_10_trekking___camping/img4.jpg','2025-03-24 07:44:39'),(327,60,'event_images/dental_hygiene_drill/img1.jpg','2025-03-24 07:45:18'),(328,60,'event_images/dental_hygiene_drill/img2.jpg','2025-03-24 07:45:18'),(329,60,'event_images/dental_hygiene_drill/img3.jpg','2025-03-24 07:45:18'),(330,60,'event_images/dental_hygiene_drill/img4.jpg','2025-03-24 07:45:18'),(331,60,'event_images/dental_hygiene_drill/img5.jpg','2025-03-24 07:45:18'),(332,61,'event_images/teachers_workshop/img1.jpg','2025-03-24 07:45:44'),(333,61,'event_images/teachers_workshop/img2.jpg','2025-03-24 07:45:44'),(334,61,'event_images/teachers_workshop/img3.jpg','2025-03-24 07:45:44'),(335,61,'event_images/teachers_workshop/img4.jpg','2025-03-24 07:45:44'),(336,61,'event_images/teachers_workshop/img5.jpg','2025-03-24 07:45:44'),(337,62,'event_images/curiosity_kids_kindergarten/img1.jpg','2025-03-24 07:46:21'),(338,62,'event_images/curiosity_kids_kindergarten/img2.jpg','2025-03-24 07:46:21'),(339,62,'event_images/curiosity_kids_kindergarten/img3.jpg','2025-03-24 07:46:21'),(340,62,'event_images/curiosity_kids_kindergarten/img4.jpg','2025-03-24 07:46:21'),(341,62,'event_images/curiosity_kids_kindergarten/img5.jpg','2025-03-24 07:46:21'),(342,63,'event_images/potter_s_wheel_kindergarten/img1.jpg','2025-03-24 07:47:39'),(343,63,'event_images/potter_s_wheel_kindergarten/img2.jpg','2025-03-24 07:47:39'),(344,63,'event_images/potter_s_wheel_kindergarten/img3.jpg','2025-03-24 07:47:39'),(345,63,'event_images/potter_s_wheel_kindergarten/img4.jpg','2025-03-24 07:47:39'),(346,63,'event_images/potter_s_wheel_kindergarten/img5.jpg','2025-03-24 07:47:39'),(347,64,'event_images/kheerganga_trek/img1.jpg','2025-03-24 07:48:20'),(348,64,'event_images/kheerganga_trek/img2.jpg','2025-03-24 07:48:20'),(349,64,'event_images/kheerganga_trek/img3.jpg','2025-03-24 07:48:20'),(350,64,'event_images/kheerganga_trek/img4.jpg','2025-03-24 07:48:20'),(351,65,'event_images/collaboration_with_four_esteemed_foreign_universities/img1.jpg','2025-03-24 07:49:00'),(352,65,'event_images/collaboration_with_four_esteemed_foreign_universities/img2.jpg','2025-03-24 07:49:00'),(353,65,'event_images/collaboration_with_four_esteemed_foreign_universities/img3.jpg','2025-03-24 07:49:00'),(354,65,'event_images/collaboration_with_four_esteemed_foreign_universities/img4.jpg','2025-03-24 07:49:00'),(355,65,'event_images/collaboration_with_four_esteemed_foreign_universities/img5.jpg','2025-03-24 07:49:00'),(356,65,'event_images/collaboration_with_four_esteemed_foreign_universities/img6.jpg','2025-03-24 07:49:00'),(357,66,'event_images/interact_club_installation/img1.jpg','2025-03-24 07:49:54'),(358,66,'event_images/interact_club_installation/img2.jpg','2025-03-24 07:49:54'),(359,66,'event_images/interact_club_installation/img3.jpg','2025-03-24 07:49:54'),(360,66,'event_images/interact_club_installation/img4.jpg','2025-03-24 07:49:54'),(361,66,'event_images/interact_club_installation/img5.jpg','2025-03-24 07:49:54'),(362,67,'event_images/music___dance_practice/img1.jpg','2025-03-24 07:50:43'),(363,67,'event_images/music___dance_practice/img2.jpg','2025-03-24 07:50:43'),(364,67,'event_images/music___dance_practice/img3.jpg','2025-03-24 07:50:43'),(365,67,'event_images/music___dance_practice/img4.jpg','2025-03-24 07:50:43'),(366,67,'event_images/music___dance_practice/img5.jpg','2025-03-24 07:50:43'),(367,68,'event_images/grade_12_farewell/img1.jpg','2025-03-24 07:51:16'),(368,68,'event_images/grade_12_farewell/img2.jpg','2025-03-24 07:51:16'),(369,68,'event_images/grade_12_farewell/img3.jpg','2025-03-24 07:51:16'),(370,68,'event_images/grade_12_farewell/img4.jpg','2025-03-24 07:51:16'),(371,68,'event_images/grade_12_farewell/img5.jpg','2025-03-24 07:51:16'),(372,68,'event_images/grade_12_farewell/img6.jpg','2025-03-24 07:51:16'),(373,68,'event_images/grade_12_farewell/img7.jpg','2025-03-24 07:51:16'),(374,68,'event_images/grade_12_farewell/img8.jpg','2025-03-24 07:51:16'),(375,68,'event_images/grade_12_farewell/img9.jpg','2025-03-24 07:51:16'),(376,69,'event_images/robotics_lab_inauguration/img1.jpg','2025-03-24 07:51:45'),(377,69,'event_images/robotics_lab_inauguration/img2.jpg','2025-03-24 07:51:45'),(378,69,'event_images/robotics_lab_inauguration/img3.jpg','2025-03-24 07:51:45'),(379,69,'event_images/robotics_lab_inauguration/img4.jpg','2025-03-24 07:51:45'),(380,69,'event_images/robotics_lab_inauguration/img5.jpg','2025-03-24 07:51:45'),(381,69,'event_images/robotics_lab_inauguration/img6.jpg','2025-03-24 07:51:45'),(382,69,'event_images/robotics_lab_inauguration/img7.jpg','2025-03-24 07:51:45'),(383,69,'event_images/robotics_lab_inauguration/img8.jpg','2025-03-24 07:51:45'),(384,69,'event_images/robotics_lab_inauguration/img9.jpg','2025-03-24 07:51:45'),(385,70,'event_images/sportsperanza/img1.jpg','2025-03-24 07:52:54'),(386,70,'event_images/sportsperanza/img2.jpg','2025-03-24 07:52:54'),(387,70,'event_images/sportsperanza/img3.jpg','2025-03-24 07:52:54'),(388,70,'event_images/sportsperanza/img4.jpg','2025-03-24 07:52:54'),(389,70,'event_images/sportsperanza/img5.jpg','2025-03-24 07:52:54'),(390,70,'event_images/sportsperanza/img6.jpg','2025-03-24 07:52:54'),(391,70,'event_images/sportsperanza/img7.jpg','2025-03-24 07:52:54'),(392,70,'event_images/sportsperanza/img8.jpg','2025-03-24 07:52:54'),(393,70,'event_images/sportsperanza/img9.jpg','2025-03-24 07:52:54'),(394,70,'event_images/sportsperanza/img10.jpg','2025-03-24 07:52:54'),(395,70,'event_images/sportsperanza/img11.jpg','2025-03-24 07:52:54'),(396,70,'event_images/sportsperanza/img12.jpg','2025-03-24 07:52:54'),(397,71,'event_images/gurupurab_celebration/img1.jpg','2025-03-24 07:53:31'),(398,71,'event_images/gurupurab_celebration/img2.jpg','2025-03-24 07:53:31'),(399,71,'event_images/gurupurab_celebration/img3.jpg','2025-03-24 07:53:31'),(400,71,'event_images/gurupurab_celebration/img4.jpg','2025-03-24 07:53:31'),(401,72,'event_images/roller_skating_competition_winners/img1.jpg','2025-03-24 07:54:09'),(402,72,'event_images/roller_skating_competition_winners/img2.jpg','2025-03-24 07:54:09'),(403,72,'event_images/roller_skating_competition_winners/img3.jpg','2025-03-24 07:54:09'),(404,72,'event_images/roller_skating_competition_winners/img4.jpg','2025-03-24 07:54:09'),(405,73,'event_images/interhouse_rangoli_competition/img5.jpg','2025-03-26 05:37:31'),(406,73,'event_images/interhouse_rangoli_competition/img4.jpg','2025-03-26 05:37:31'),(407,73,'event_images/interhouse_rangoli_competition/img3.jpg','2025-03-26 05:37:31'),(408,73,'event_images/interhouse_rangoli_competition/img2.jpg','2025-03-26 05:37:31'),(409,73,'event_images/interhouse_rangoli_competition/img1.jpg','2025-03-26 05:37:31'),(410,74,'event_images/interhouse_cricket_match/img5.jpg','2025-03-26 05:41:48'),(411,74,'event_images/interhouse_cricket_match/img4.jpg','2025-03-26 05:41:48'),(412,74,'event_images/interhouse_cricket_match/img3.jpg','2025-03-26 05:41:48'),(413,74,'event_images/interhouse_cricket_match/img2.jpg','2025-03-26 05:41:48'),(414,74,'event_images/interhouse_cricket_match/img1.jpg','2025-03-26 05:41:48'),(415,75,'event_images/dussehra_celebration/img1.jpg','2025-03-26 05:51:18'),(416,75,'event_images/dussehra_celebration/img2.jpg','2025-03-26 05:51:18'),(417,75,'event_images/dussehra_celebration/img3.jpg','2025-03-26 05:51:18'),(418,75,'event_images/dussehra_celebration/img4.jpg','2025-03-26 05:51:18'),(419,75,'event_images/dussehra_celebration/img5.jpg','2025-03-26 05:51:18'),(420,75,'event_images/dussehra_celebration/img6.jpg','2025-03-26 05:51:18'),(421,75,'event_images/dussehra_celebration/img7.jpg','2025-03-26 05:51:18'),(422,76,'event_images/table_manners___etiquette/img1.jpg','2025-03-26 05:54:26'),(423,76,'event_images/table_manners___etiquette/img2.jpg','2025-03-26 05:54:26'),(424,76,'event_images/table_manners___etiquette/img3.jpg','2025-03-26 05:54:26'),(425,76,'event_images/table_manners___etiquette/img4.jpg','2025-03-26 05:54:26'),(426,76,'event_images/table_manners___etiquette/img5.jpg','2025-03-26 05:54:26'),(432,78,'event_images/clay_modeling/img1.jpg','2025-03-26 06:01:17'),(433,78,'event_images/clay_modeling/img2.jpg','2025-03-26 06:01:17'),(434,78,'event_images/clay_modeling/img3.jpg','2025-03-26 06:01:17'),(435,78,'event_images/clay_modeling/img4.jpg','2025-03-26 06:01:17'),(436,78,'event_images/clay_modeling/img5.jpg','2025-03-26 06:01:17'),(437,79,'event_images/rakhi_making/img1.jpg','2025-04-16 06:54:54'),(438,79,'event_images/rakhi_making/img2.jpg','2025-04-16 06:54:54'),(439,79,'event_images/rakhi_making/img3.jpg','2025-04-16 06:54:54'),(440,79,'event_images/rakhi_making/img4.jpg','2025-04-16 06:54:54'),(441,79,'event_images/rakhi_making/img5.jpg','2025-04-16 06:54:54'),(442,80,'event_images/bone_density_checkup/img1.jpg','2025-04-16 07:30:32'),(443,80,'event_images/bone_density_checkup/img2.jpg','2025-04-16 07:30:32'),(444,80,'event_images/bone_density_checkup/img3.jpg','2025-04-16 07:30:32'),(445,80,'event_images/bone_density_checkup/img4.jpg','2025-04-16 07:30:32'),(446,81,'event_images/tricolor_dress_up/img1.jpg','2025-04-16 07:42:34'),(447,81,'event_images/tricolor_dress_up/img2.jpg','2025-04-16 07:42:34'),(448,81,'event_images/tricolor_dress_up/img3.jpg','2025-04-16 07:42:34'),(449,81,'event_images/tricolor_dress_up/img4.jpg','2025-04-16 07:42:34'),(450,81,'event_images/tricolor_dress_up/img5.jpg','2025-04-16 07:42:34'),(451,81,'event_images/tricolor_dress_up/img6.jpg','2025-04-16 07:42:34'),(452,82,'event_images/incredible_india_exhibition/img1.jpg','2025-04-16 07:48:50'),(453,82,'event_images/incredible_india_exhibition/img2.jpg','2025-04-16 07:48:50'),(454,82,'event_images/incredible_india_exhibition/img3.jpg','2025-04-16 07:48:50'),(455,82,'event_images/incredible_india_exhibition/im4.jpg','2025-04-16 07:48:50'),(456,82,'event_images/incredible_india_exhibition/img5.jpg','2025-04-16 07:48:50'),(457,82,'event_images/incredible_india_exhibition/img6.jpg','2025-04-16 07:48:50'),(458,83,'event_images/science_exhibition/img7.jpg','2025-04-16 07:55:21'),(459,83,'event_images/science_exhibition/img6.jpg','2025-04-16 07:55:21'),(460,83,'event_images/science_exhibition/img5.jpg','2025-04-16 07:55:21'),(461,83,'event_images/science_exhibition/img4.jpg','2025-04-16 07:55:21'),(462,83,'event_images/science_exhibition/img3.jpg','2025-04-16 07:55:21'),(463,83,'event_images/science_exhibition/img2.jpg','2025-04-16 07:55:21'),(464,83,'event_images/science_exhibition/img1.jpg','2025-04-16 07:55:21'),(465,84,'event_images/act_of_kindness/img4.jpg','2025-04-16 07:58:25'),(466,84,'event_images/act_of_kindness/img3.jpg','2025-04-16 07:58:25'),(467,84,'event_images/act_of_kindness/img2.jpg','2025-04-16 07:58:25'),(468,84,'event_images/act_of_kindness/img1.jpg','2025-04-16 07:58:25'),(469,85,'event_images/got_best_future_ready_infrastructure_school_awards_at_17th_education_summit/img2.jpg','2025-04-16 08:01:07'),(470,85,'event_images/got_best_future_ready_infrastructure_school_awards_at_17th_education_summit/img1.jpg','2025-04-16 08:01:07'),(471,86,'event_images/fun_in_swimming_pool/img2.jpg','2025-04-16 08:05:00'),(472,86,'event_images/fun_in_swimming_pool/img1.jpg','2025-04-16 08:05:00'),(473,87,'event_images/fumigation_after_flood/img5.jpg','2025-04-16 08:07:40'),(474,87,'event_images/fumigation_after_flood/img4.jpg','2025-04-16 08:07:40'),(475,87,'event_images/fumigation_after_flood/img3.jpg','2025-04-16 08:07:40'),(476,87,'event_images/fumigation_after_flood/img2.jpg','2025-04-16 08:07:40'),(477,87,'event_images/fumigation_after_flood/img1.jpg','2025-04-16 08:07:40'),(478,88,'event_images/splash_pool_activity/img5.jpg','2025-04-16 08:11:03'),(479,88,'event_images/splash_pool_activity/img4.jpg','2025-04-16 08:11:03'),(480,88,'event_images/splash_pool_activity/img3.jpg','2025-04-16 08:11:03'),(481,88,'event_images/splash_pool_activity/img2.jpg','2025-04-16 08:11:03'),(482,88,'event_images/splash_pool_activity/img1.jpg','2025-04-16 08:11:03'),(483,89,'event_images/magic_of_the_potter_s_wheel/img6.jpg','2025-04-16 08:18:38'),(484,89,'event_images/magic_of_the_potter_s_wheel/img5.jpg','2025-04-16 08:18:38'),(485,89,'event_images/magic_of_the_potter_s_wheel/img4.jpg','2025-04-16 08:18:38'),(486,89,'event_images/magic_of_the_potter_s_wheel/img3.jpg','2025-04-16 08:18:38'),(487,89,'event_images/magic_of_the_potter_s_wheel/img2.jpg','2025-04-16 08:18:38'),(488,89,'event_images/magic_of_the_potter_s_wheel/img1.jpg','2025-04-16 08:18:38'),(489,90,'event_images/traffic_rule_awarness_workshop/img4.jpg','2025-04-16 08:21:16'),(490,90,'event_images/traffic_rule_awarness_workshop/img3.jpg','2025-04-16 08:21:16'),(491,90,'event_images/traffic_rule_awarness_workshop/img1.jpg','2025-04-16 08:21:16'),(492,90,'event_images/traffic_rule_awarness_workshop/img2.jpg','2025-04-16 08:21:16'),(493,91,'event_images/baisakhi_celebration/img4.jpg','2025-04-16 08:51:28'),(494,91,'event_images/baisakhi_celebration/img3.jpg','2025-04-16 08:51:28'),(495,91,'event_images/baisakhi_celebration/img2.jpg','2025-04-16 08:51:28'),(496,91,'event_images/baisakhi_celebration/img1.jpg','2025-04-16 08:51:28'),(497,92,'event_images/cbse_national_chess_championship_2022/img13.jpg','2025-04-16 08:56:03'),(498,92,'event_images/cbse_national_chess_championship_2022/img12.jpg','2025-04-16 08:56:03'),(499,92,'event_images/cbse_national_chess_championship_2022/img11.jpg','2025-04-16 08:56:03'),(500,92,'event_images/cbse_national_chess_championship_2022/img10.jpg','2025-04-16 08:56:03'),(501,92,'event_images/cbse_national_chess_championship_2022/img9.jpg','2025-04-16 08:56:03'),(502,92,'event_images/cbse_national_chess_championship_2022/img8.jpg','2025-04-16 08:56:03'),(503,92,'event_images/cbse_national_chess_championship_2022/img7.jpg','2025-04-16 08:56:03'),(504,92,'event_images/cbse_national_chess_championship_2022/img6.jpg','2025-04-16 08:56:03'),(505,92,'event_images/cbse_national_chess_championship_2022/img5.jpg','2025-04-16 08:56:03'),(506,92,'event_images/cbse_national_chess_championship_2022/img4.jpg','2025-04-16 08:56:03'),(507,92,'event_images/cbse_national_chess_championship_2022/img3.jpg','2025-04-16 08:56:03'),(508,92,'event_images/cbse_national_chess_championship_2022/img2.jpg','2025-04-16 08:56:03'),(509,92,'event_images/cbse_national_chess_championship_2022/img1.jpg','2025-04-16 08:56:03'),(510,93,'event_images/esperanza_22/img32.jpg','2025-04-29 11:52:23'),(511,93,'event_images/esperanza_22/img31.jpg','2025-04-29 11:52:23'),(512,93,'event_images/esperanza_22/img30.jpg','2025-04-29 11:52:23'),(513,93,'event_images/esperanza_22/img29.jpg','2025-04-29 11:52:23'),(514,93,'event_images/esperanza_22/img28.jpg','2025-04-29 11:52:23'),(515,93,'event_images/esperanza_22/img27.jpg','2025-04-29 11:52:23'),(516,93,'event_images/esperanza_22/img26.jpg','2025-04-29 11:52:23'),(517,93,'event_images/esperanza_22/img25.jpg','2025-04-29 11:52:23'),(518,93,'event_images/esperanza_22/img24.jpg','2025-04-29 11:52:23'),(519,93,'event_images/esperanza_22/img23.jpg','2025-04-29 11:52:23'),(520,93,'event_images/esperanza_22/img22.jpg','2025-04-29 11:52:23'),(521,93,'event_images/esperanza_22/img21.jpg','2025-04-29 11:52:23'),(522,93,'event_images/esperanza_22/img20.jpg','2025-04-29 11:52:23'),(523,93,'event_images/esperanza_22/img19.jpg','2025-04-29 11:52:23'),(524,93,'event_images/esperanza_22/img18.jpg','2025-04-29 11:52:23'),(525,93,'event_images/esperanza_22/img17.jpg','2025-04-29 11:52:23'),(526,93,'event_images/esperanza_22/img16.jpg','2025-04-29 11:52:23'),(527,93,'event_images/esperanza_22/img15.jpg','2025-04-29 11:52:23'),(528,93,'event_images/esperanza_22/img14.jpg','2025-04-29 11:52:23'),(529,93,'event_images/esperanza_22/img13.jpg','2025-04-29 11:52:23'),(530,93,'event_images/esperanza_22/img12.jpg','2025-04-29 11:52:23'),(531,93,'event_images/esperanza_22/img11.jpg','2025-04-29 11:52:23'),(532,93,'event_images/esperanza_22/img10.jpg','2025-04-29 11:52:23'),(533,93,'event_images/esperanza_22/img9.jpg','2025-04-29 11:52:23'),(534,93,'event_images/esperanza_22/img8.jpg','2025-04-29 11:52:23'),(535,93,'event_images/esperanza_22/img7.jpg','2025-04-29 11:52:23'),(536,93,'event_images/esperanza_22/img6.jpg','2025-04-29 11:52:23'),(537,93,'event_images/esperanza_22/img5.jpg','2025-04-29 11:52:23'),(538,93,'event_images/esperanza_22/img4.jpg','2025-04-29 11:52:23'),(539,93,'event_images/esperanza_22/img3.jpg','2025-04-29 11:52:23'),(540,93,'event_images/esperanza_22/img2.jpg','2025-04-29 11:52:23'),(541,93,'event_images/esperanza_22/img1.jpg','2025-04-29 11:52:23'),(542,94,'event_images/parenting_workshop/img12.jpg','2025-04-29 12:13:40'),(543,94,'event_images/parenting_workshop/img11.jpg','2025-04-29 12:13:40'),(544,94,'event_images/parenting_workshop/img10.jpg','2025-04-29 12:13:40'),(545,94,'event_images/parenting_workshop/img9.jpg','2025-04-29 12:13:40'),(546,94,'event_images/parenting_workshop/img8.jpg','2025-04-29 12:13:40'),(547,94,'event_images/parenting_workshop/img7.jpg','2025-04-29 12:13:40'),(548,94,'event_images/parenting_workshop/img6.jpg','2025-04-29 12:13:40'),(549,94,'event_images/parenting_workshop/img5.jpg','2025-04-29 12:13:40'),(550,94,'event_images/parenting_workshop/img4.jpg','2025-04-29 12:13:40'),(551,94,'event_images/parenting_workshop/img3.jpg','2025-04-29 12:13:40'),(552,94,'event_images/parenting_workshop/img2.jpg','2025-04-29 12:13:40'),(553,94,'event_images/parenting_workshop/img1.jpg','2025-04-29 12:13:40'),(554,95,'event_images/toilet_etiquettes/img9.jpg','2025-04-29 12:26:22'),(555,95,'event_images/toilet_etiquettes/img8.jpg','2025-04-29 12:26:22'),(556,95,'event_images/toilet_etiquettes/img7.jpg','2025-04-29 12:26:22'),(557,95,'event_images/toilet_etiquettes/img6.jpg','2025-04-29 12:26:22'),(558,95,'event_images/toilet_etiquettes/img5.jpg','2025-04-29 12:26:22'),(559,95,'event_images/toilet_etiquettes/img4.jpg','2025-04-29 12:26:22'),(560,95,'event_images/toilet_etiquettes/img3.jpg','2025-04-29 12:26:22'),(561,95,'event_images/toilet_etiquettes/img2.jpg','2025-04-29 12:26:22'),(562,95,'event_images/toilet_etiquettes/img1.jpg','2025-04-29 12:26:22'),(563,96,'event_images/children_day/img13.jpg','2025-04-30 07:09:38'),(564,96,'event_images/children_day/img12.jpg','2025-04-30 07:09:38'),(565,96,'event_images/children_day/img11.jpg','2025-04-30 07:09:38'),(566,96,'event_images/children_day/img10.jpg','2025-04-30 07:09:38'),(567,96,'event_images/children_day/img9.jpg','2025-04-30 07:09:38'),(568,96,'event_images/children_day/img8.jpg','2025-04-30 07:09:38'),(569,96,'event_images/children_day/img7.jpg','2025-04-30 07:09:38'),(570,96,'event_images/children_day/img6.jpg','2025-04-30 07:09:38'),(571,96,'event_images/children_day/img5.jpg','2025-04-30 07:09:38'),(572,96,'event_images/children_day/img4.jpg','2025-04-30 07:09:38'),(573,96,'event_images/children_day/img3.jpg','2025-04-30 07:09:38'),(574,96,'event_images/children_day/img2.jpg','2025-04-30 07:09:38'),(575,96,'event_images/children_day/img1.jpg','2025-04-30 07:09:38'),(576,97,'event_images/gurpurab_celebration/img6.jpg','2025-04-30 07:18:09'),(577,97,'event_images/gurpurab_celebration/img5.jpg','2025-04-30 07:18:09'),(578,97,'event_images/gurpurab_celebration/img4.jpg','2025-04-30 07:18:09'),(579,97,'event_images/gurpurab_celebration/img3.jpg','2025-04-30 07:18:09'),(580,97,'event_images/gurpurab_celebration/img2.jpg','2025-04-30 07:18:09'),(581,97,'event_images/gurpurab_celebration/img1.jpg','2025-04-30 07:18:09'),(582,98,'event_images/sdg_activity/img7.jpg','2025-04-30 07:32:48'),(583,98,'event_images/sdg_activity/img6.jpg','2025-04-30 07:32:48'),(584,98,'event_images/sdg_activity/img5.jpg','2025-04-30 07:32:48'),(585,98,'event_images/sdg_activity/img4.jpg','2025-04-30 07:32:48'),(586,98,'event_images/sdg_activity/img3.jpg','2025-04-30 07:32:48'),(587,98,'event_images/sdg_activity/img2.jpg','2025-04-30 07:32:48'),(588,98,'event_images/sdg_activity/img1.jpg','2025-04-30 07:32:48'),(589,99,'event_images/ptm/img7.jpg','2025-04-30 09:32:50'),(590,99,'event_images/ptm/img6.jpg','2025-04-30 09:32:50'),(591,99,'event_images/ptm/img5.jpg','2025-04-30 09:32:50'),(592,99,'event_images/ptm/img4.jpg','2025-04-30 09:32:50'),(593,99,'event_images/ptm/img3.jpg','2025-04-30 09:32:50'),(594,99,'event_images/ptm/img2.jpg','2025-04-30 09:32:50'),(595,99,'event_images/ptm/img1.jpg','2025-04-30 09:32:50'),(596,100,'event_images/diwali_celebration/img10.jpeg','2025-04-30 09:53:41'),(597,100,'event_images/diwali_celebration/img9.jpg','2025-04-30 09:53:41'),(598,100,'event_images/diwali_celebration/img8.jpg','2025-04-30 09:53:41'),(599,100,'event_images/diwali_celebration/img7.jpg','2025-04-30 09:53:41'),(600,100,'event_images/diwali_celebration/img6.jpg','2025-04-30 09:53:41'),(601,100,'event_images/diwali_celebration/img5.jpg','2025-04-30 09:53:41'),(602,100,'event_images/diwali_celebration/img4.jpg','2025-04-30 09:53:41'),(603,100,'event_images/diwali_celebration/img3.jpg','2025-04-30 09:53:41'),(604,100,'event_images/diwali_celebration/img2.jpg','2025-04-30 09:53:41'),(605,100,'event_images/diwali_celebration/img1.jpg','2025-04-30 09:53:41'),(606,101,'event_images/gross_motor_skill/img8.jpg','2025-04-30 10:46:32'),(607,101,'event_images/gross_motor_skill/img7.jpg','2025-04-30 10:46:32'),(608,101,'event_images/gross_motor_skill/img6.jpg','2025-04-30 10:46:32'),(609,101,'event_images/gross_motor_skill/img5.jpg','2025-04-30 10:46:32'),(610,101,'event_images/gross_motor_skill/img4.jpg','2025-04-30 10:46:32'),(611,101,'event_images/gross_motor_skill/img3.jpg','2025-04-30 10:46:32'),(612,101,'event_images/gross_motor_skill/img2.jpg','2025-04-30 10:46:32'),(613,101,'event_images/gross_motor_skill/img1.jpg','2025-04-30 10:46:32'),(614,102,'event_images/eye_checkup_camp/img5.jpg','2025-04-30 10:55:11'),(615,102,'event_images/eye_checkup_camp/img4.jpg','2025-04-30 10:55:11'),(616,102,'event_images/eye_checkup_camp/img3.jpg','2025-04-30 10:55:11'),(617,102,'event_images/eye_checkup_camp/img2.jpg','2025-04-30 10:55:11'),(618,102,'event_images/eye_checkup_camp/img1.jpg','2025-04-30 10:55:11'),(619,103,'event_images/hindi_diwas/img15.jpg','2025-04-30 11:02:57'),(620,103,'event_images/hindi_diwas/img14.jpg','2025-04-30 11:02:57'),(621,103,'event_images/hindi_diwas/img13.jpg','2025-04-30 11:02:57'),(622,103,'event_images/hindi_diwas/img12.jpg','2025-04-30 11:02:57'),(623,103,'event_images/hindi_diwas/img11.jpg','2025-04-30 11:02:57'),(624,103,'event_images/hindi_diwas/img10.jpg','2025-04-30 11:02:57'),(625,103,'event_images/hindi_diwas/img9.jpg','2025-04-30 11:02:57'),(626,103,'event_images/hindi_diwas/img8.jpg','2025-04-30 11:02:57'),(627,103,'event_images/hindi_diwas/img7.jpg','2025-04-30 11:02:57'),(628,103,'event_images/hindi_diwas/img6.jpg','2025-04-30 11:02:57'),(629,103,'event_images/hindi_diwas/img5.jpg','2025-04-30 11:02:57'),(630,103,'event_images/hindi_diwas/img4.jpg','2025-04-30 11:02:57'),(631,103,'event_images/hindi_diwas/img3.jpg','2025-04-30 11:02:57'),(632,103,'event_images/hindi_diwas/img2.jpg','2025-04-30 11:02:57'),(633,103,'event_images/hindi_diwas/img1.jpg','2025-04-30 11:02:57'),(634,104,'event_images/ptm_1_11th_class/img10.jpg','2025-04-30 11:10:09'),(635,104,'event_images/ptm_1_11th_class/img9.jpg','2025-04-30 11:10:09'),(636,104,'event_images/ptm_1_11th_class/img8.jpg','2025-04-30 11:10:09'),(637,104,'event_images/ptm_1_11th_class/img7.jpg','2025-04-30 11:10:09'),(638,104,'event_images/ptm_1_11th_class/img6.jpg','2025-04-30 11:10:09'),(639,104,'event_images/ptm_1_11th_class/img5.jpg','2025-04-30 11:10:09'),(640,104,'event_images/ptm_1_11th_class/img4.jpg','2025-04-30 11:10:09'),(641,104,'event_images/ptm_1_11th_class/img3.jpg','2025-04-30 11:10:09'),(642,104,'event_images/ptm_1_11th_class/img2.jpg','2025-04-30 11:10:09'),(643,104,'event_images/ptm_1_11th_class/img1.jpg','2025-04-30 11:10:09'),(644,105,'event_images/teachers_day_celebration/img6.jpg','2025-04-30 11:20:32'),(645,105,'event_images/teachers_day_celebration/img5.jpg','2025-04-30 11:20:32'),(646,105,'event_images/teachers_day_celebration/img4.jpg','2025-04-30 11:20:32'),(647,105,'event_images/teachers_day_celebration/img3.jpg','2025-04-30 11:20:32'),(648,105,'event_images/teachers_day_celebration/img2.jpg','2025-04-30 11:20:32'),(649,105,'event_images/teachers_day_celebration/img1.jpg','2025-04-30 11:20:32'),(650,106,'event_images/national_sports_day/img15.jpg','2025-04-30 11:58:11'),(651,106,'event_images/national_sports_day/img14.jpg','2025-04-30 11:58:11'),(652,106,'event_images/national_sports_day/img13.jpg','2025-04-30 11:58:11'),(653,106,'event_images/national_sports_day/img12.jpg','2025-04-30 11:58:11'),(654,106,'event_images/national_sports_day/img11.jpg','2025-04-30 11:58:11'),(655,106,'event_images/national_sports_day/img10.jpg','2025-04-30 11:58:11'),(656,106,'event_images/national_sports_day/img9.jpg','2025-04-30 11:58:11'),(657,106,'event_images/national_sports_day/img8.jpg','2025-04-30 11:58:11'),(658,106,'event_images/national_sports_day/img7.jpg','2025-04-30 11:58:11'),(659,106,'event_images/national_sports_day/img6.jpg','2025-04-30 11:58:11'),(660,106,'event_images/national_sports_day/img5.jpg','2025-04-30 11:58:11'),(661,106,'event_images/national_sports_day/img4.jpg','2025-04-30 11:58:11'),(662,106,'event_images/national_sports_day/img3.jpg','2025-04-30 11:58:11'),(663,106,'event_images/national_sports_day/img2.jpg','2025-04-30 11:58:11'),(664,106,'event_images/national_sports_day/img1.jpg','2025-04-30 11:58:11'),(665,107,'event_images/de_worming_distrubution/img6.jpg','2025-04-30 12:09:05'),(666,107,'event_images/de_worming_distrubution/img5.jpg','2025-04-30 12:09:05'),(667,107,'event_images/de_worming_distrubution/img4.jpg','2025-04-30 12:09:05'),(668,107,'event_images/de_worming_distrubution/img3.jpg','2025-04-30 12:09:05'),(669,107,'event_images/de_worming_distrubution/img2.jpg','2025-04-30 12:09:05'),(670,107,'event_images/de_worming_distrubution/img1.jpg','2025-04-30 12:09:05'),(671,108,'event_images/janmashtami/img23.jpg','2025-04-30 12:17:42'),(672,108,'event_images/janmashtami/img22.jpg','2025-04-30 12:17:42'),(673,108,'event_images/janmashtami/img21.jpg','2025-04-30 12:17:42'),(674,108,'event_images/janmashtami/img20.jpg','2025-04-30 12:17:42'),(675,108,'event_images/janmashtami/img19.jpg','2025-04-30 12:17:42'),(676,108,'event_images/janmashtami/img18.jpg','2025-04-30 12:17:42'),(677,108,'event_images/janmashtami/img17.jpg','2025-04-30 12:17:42'),(678,108,'event_images/janmashtami/img16.jpg','2025-04-30 12:17:42'),(679,108,'event_images/janmashtami/img15.jpg','2025-04-30 12:17:42'),(680,108,'event_images/janmashtami/img14.jpg','2025-04-30 12:17:42'),(681,108,'event_images/janmashtami/img13.jpg','2025-04-30 12:17:42'),(682,108,'event_images/janmashtami/img12.jpg','2025-04-30 12:17:42'),(683,108,'event_images/janmashtami/img11.jpg','2025-04-30 12:17:42'),(684,108,'event_images/janmashtami/img10.jpg','2025-04-30 12:17:42'),(685,108,'event_images/janmashtami/img9.jpg','2025-04-30 12:17:42'),(686,108,'event_images/janmashtami/img8.jpg','2025-04-30 12:17:42'),(687,108,'event_images/janmashtami/img7.jpg','2025-04-30 12:17:42'),(688,108,'event_images/janmashtami/img6.jpg','2025-04-30 12:17:42'),(689,108,'event_images/janmashtami/img5.jpg','2025-04-30 12:17:42'),(690,108,'event_images/janmashtami/img4.jpg','2025-04-30 12:17:42'),(691,108,'event_images/janmashtami/img3.jpg','2025-04-30 12:17:42'),(692,108,'event_images/janmashtami/img2.jpg','2025-04-30 12:17:42'),(693,108,'event_images/janmashtami/img1.jpg','2025-04-30 12:17:42'),(694,109,'event_images/independance_day/img14.jpg','2025-04-30 12:46:06'),(695,109,'event_images/independance_day/img13.jpg','2025-04-30 12:46:06'),(696,109,'event_images/independance_day/img12.jpg','2025-04-30 12:46:06'),(697,109,'event_images/independance_day/img11.jpg','2025-04-30 12:46:06'),(698,109,'event_images/independance_day/img10.jpg','2025-04-30 12:46:06'),(699,109,'event_images/independance_day/img9.jpg','2025-04-30 12:46:06'),(700,109,'event_images/independance_day/img8.jpg','2025-04-30 12:46:06'),(701,109,'event_images/independance_day/img7.jpg','2025-04-30 12:46:06'),(702,109,'event_images/independance_day/img6.jpg','2025-04-30 12:46:06'),(703,109,'event_images/independance_day/img5.jpg','2025-04-30 12:46:06'),(704,109,'event_images/independance_day/img4.jpg','2025-04-30 12:46:06'),(705,109,'event_images/independance_day/img3.jpg','2025-04-30 12:46:06'),(706,109,'event_images/independance_day/img2.jpg','2025-04-30 12:46:06'),(707,109,'event_images/independance_day/img1.jpg','2025-04-30 12:46:06'),(708,110,'event_images/exhibition_of_summer_projects_of_student/img20.jpg','2025-04-30 12:53:39'),(709,110,'event_images/exhibition_of_summer_projects_of_student/img19.jpg','2025-04-30 12:53:39'),(710,110,'event_images/exhibition_of_summer_projects_of_student/img18.jpg','2025-04-30 12:53:39'),(711,110,'event_images/exhibition_of_summer_projects_of_student/img17.jpg','2025-04-30 12:53:39'),(712,110,'event_images/exhibition_of_summer_projects_of_student/img16.jpg','2025-04-30 12:53:39'),(713,110,'event_images/exhibition_of_summer_projects_of_student/img15.jpg','2025-04-30 12:53:39'),(714,110,'event_images/exhibition_of_summer_projects_of_student/img14.jpg','2025-04-30 12:53:39'),(715,110,'event_images/exhibition_of_summer_projects_of_student/img13.jpg','2025-04-30 12:53:39'),(716,110,'event_images/exhibition_of_summer_projects_of_student/img12.jpg','2025-04-30 12:53:39'),(717,110,'event_images/exhibition_of_summer_projects_of_student/img11.jpg','2025-04-30 12:53:39'),(718,110,'event_images/exhibition_of_summer_projects_of_student/img10.jpg','2025-04-30 12:53:39'),(719,110,'event_images/exhibition_of_summer_projects_of_student/img9.jpg','2025-04-30 12:53:39'),(720,110,'event_images/exhibition_of_summer_projects_of_student/img8.jpg','2025-04-30 12:53:39'),(721,110,'event_images/exhibition_of_summer_projects_of_student/img7.jpg','2025-04-30 12:53:39'),(722,110,'event_images/exhibition_of_summer_projects_of_student/img6.jpg','2025-04-30 12:53:39'),(723,110,'event_images/exhibition_of_summer_projects_of_student/img5.jpg','2025-04-30 12:53:39'),(724,110,'event_images/exhibition_of_summer_projects_of_student/img4.jpg','2025-04-30 12:53:39'),(725,110,'event_images/exhibition_of_summer_projects_of_student/img3.jpg','2025-04-30 12:53:39'),(726,110,'event_images/exhibition_of_summer_projects_of_student/img2.jpg','2025-04-30 12:53:39'),(727,110,'event_images/exhibition_of_summer_projects_of_student/img1.jpg','2025-04-30 12:53:39'),(728,111,'event_images/akam_tiranga_making/img18.jpg','2025-04-30 13:02:48'),(729,111,'event_images/akam_tiranga_making/img17.jpg','2025-04-30 13:02:48'),(730,111,'event_images/akam_tiranga_making/img16.jpg','2025-04-30 13:02:48'),(731,111,'event_images/akam_tiranga_making/img15.jpg','2025-04-30 13:02:48'),(732,111,'event_images/akam_tiranga_making/img14.jpg','2025-04-30 13:02:48'),(733,111,'event_images/akam_tiranga_making/img13.jpg','2025-04-30 13:02:48'),(734,111,'event_images/akam_tiranga_making/img12.jpg','2025-04-30 13:02:48'),(735,111,'event_images/akam_tiranga_making/img11.jpg','2025-04-30 13:02:48'),(736,111,'event_images/akam_tiranga_making/img10.jpg','2025-04-30 13:02:48'),(737,111,'event_images/akam_tiranga_making/img9.jpg','2025-04-30 13:02:48'),(738,111,'event_images/akam_tiranga_making/img8.jpg','2025-04-30 13:02:48'),(739,111,'event_images/akam_tiranga_making/img7.jpg','2025-04-30 13:02:48'),(740,111,'event_images/akam_tiranga_making/img6.jpg','2025-04-30 13:02:48'),(741,111,'event_images/akam_tiranga_making/img5.jpg','2025-04-30 13:02:48'),(742,111,'event_images/akam_tiranga_making/img4.jpg','2025-04-30 13:02:48'),(743,111,'event_images/akam_tiranga_making/img3.jpg','2025-04-30 13:02:48'),(744,111,'event_images/akam_tiranga_making/img2.jpg','2025-04-30 13:02:48'),(745,111,'event_images/akam_tiranga_making/img1.jpg','2025-04-30 13:02:48'),(746,112,'event_images/rakshabandhan_celerbation/img4.jpg','2025-04-30 13:07:47'),(747,112,'event_images/rakshabandhan_celerbation/img3.jpg','2025-04-30 13:07:47'),(748,112,'event_images/rakshabandhan_celerbation/img2.jpg','2025-04-30 13:07:47'),(749,112,'event_images/rakshabandhan_celerbation/img1.jpg','2025-04-30 13:07:47'),(750,113,'event_images/selfie_with_small_satellite_launch_by_isro/img5.jpg','2025-04-30 13:11:58'),(751,113,'event_images/selfie_with_small_satellite_launch_by_isro/img4.jpeg','2025-04-30 13:11:58'),(752,113,'event_images/selfie_with_small_satellite_launch_by_isro/img3.jpg','2025-04-30 13:11:58'),(753,113,'event_images/selfie_with_small_satellite_launch_by_isro/img2.jpg','2025-04-30 13:11:58'),(754,113,'event_images/selfie_with_small_satellite_launch_by_isro/img1.jpg','2025-04-30 13:11:58'),(755,114,'event_images/ptm_pre_primary/img9.jpg','2025-04-30 13:16:24'),(756,114,'event_images/ptm_pre_primary/img8.jpg','2025-04-30 13:16:24'),(757,114,'event_images/ptm_pre_primary/img7.jpg','2025-04-30 13:16:24'),(758,114,'event_images/ptm_pre_primary/img6.jpg','2025-04-30 13:16:24'),(759,114,'event_images/ptm_pre_primary/img5.jpg','2025-04-30 13:16:24'),(760,114,'event_images/ptm_pre_primary/img4.jpg','2025-04-30 13:16:24'),(761,114,'event_images/ptm_pre_primary/img3.jpg','2025-04-30 13:16:24'),(762,114,'event_images/ptm_pre_primary/img2.jpg','2025-04-30 13:16:24'),(763,114,'event_images/ptm_pre_primary/img1.jpg','2025-04-30 13:16:24'),(764,115,'event_images/a_heartfelt_farewell_for_grade_12_students/img1.jpg','2025-07-29 05:14:50'),(765,115,'event_images/a_heartfelt_farewell_for_grade_12_students/img2.jpg','2025-07-29 05:14:50'),(766,115,'event_images/a_heartfelt_farewell_for_grade_12_students/img3.jpg','2025-07-29 05:14:50'),(767,115,'event_images/a_heartfelt_farewell_for_grade_12_students/img4.jpg','2025-07-29 05:14:50'),(768,115,'event_images/a_heartfelt_farewell_for_grade_12_students/img5.jpg','2025-07-29 05:14:50'),(769,115,'event_images/a_heartfelt_farewell_for_grade_12_students/img6.jpg','2025-07-29 05:14:50'),(770,115,'event_images/a_heartfelt_farewell_for_grade_12_students/img7.jpg','2025-07-29 05:14:50'),(771,115,'event_images/a_heartfelt_farewell_for_grade_12_students/img8.jpg','2025-07-29 05:14:50'),(772,115,'event_images/a_heartfelt_farewell_for_grade_12_students/img9.jpg','2025-07-29 05:14:50'),(773,116,'event_images/bls_training_and_cpr_demonstration_workshop/img1.jpg','2025-07-29 05:16:53'),(774,116,'event_images/bls_training_and_cpr_demonstration_workshop/img2.jpg','2025-07-29 05:16:53'),(775,116,'event_images/bls_training_and_cpr_demonstration_workshop/img3.jpg','2025-07-29 05:16:53'),(776,116,'event_images/bls_training_and_cpr_demonstration_workshop/img4.jpg','2025-07-29 05:16:53'),(777,116,'event_images/bls_training_and_cpr_demonstration_workshop/img5.jpg','2025-07-29 05:16:53'),(778,117,'event_images/blessing_ceremony_grade_10/img1.JPG','2025-07-29 05:18:00'),(779,117,'event_images/blessing_ceremony_grade_10/img2.JPG','2025-07-29 05:18:00'),(780,117,'event_images/blessing_ceremony_grade_10/img3.JPG','2025-07-29 05:18:00'),(781,117,'event_images/blessing_ceremony_grade_10/img4.JPG','2025-07-29 05:18:00'),(782,117,'event_images/blessing_ceremony_grade_10/img5.JPG','2025-07-29 05:18:00'),(783,117,'event_images/blessing_ceremony_grade_10/img6.JPG','2025-07-29 05:18:00'),(784,118,'event_images/junior_sportsprenza/img1.jpg','2025-07-29 05:27:41'),(785,118,'event_images/junior_sportsprenza/img2.jpg','2025-07-29 05:27:41'),(786,118,'event_images/junior_sportsprenza/img3.jpg','2025-07-29 05:27:41'),(787,118,'event_images/junior_sportsprenza/img4.jpg','2025-07-29 05:27:41'),(788,118,'event_images/junior_sportsprenza/img5.jpg','2025-07-29 05:27:41'),(789,118,'event_images/junior_sportsprenza/img6.jpg','2025-07-29 05:27:41'),(790,118,'event_images/junior_sportsprenza/img7.jpg','2025-07-29 05:27:41'),(791,118,'event_images/junior_sportsprenza/img8.jpg','2025-07-29 05:27:41'),(792,118,'event_images/junior_sportsprenza/img9.jpg','2025-07-29 05:27:41'),(793,118,'event_images/junior_sportsprenza/img10.jpg','2025-07-29 05:27:41'),(794,118,'event_images/junior_sportsprenza/img11.jpg','2025-07-29 05:27:41'),(795,119,'event_images/graduation_ceremony/img1.jpg','2025-07-29 05:30:37'),(796,119,'event_images/graduation_ceremony/img2.jpg','2025-07-29 05:30:37'),(797,119,'event_images/graduation_ceremony/img3.jpg','2025-07-29 05:30:37'),(798,119,'event_images/graduation_ceremony/img4.jpg','2025-07-29 05:30:37'),(799,119,'event_images/graduation_ceremony/img5.jpg','2025-07-29 05:30:37'),(800,119,'event_images/graduation_ceremony/img6.jpg','2025-07-29 05:30:37'),(801,119,'event_images/graduation_ceremony/img7.jpg','2025-07-29 05:30:37'),(802,120,'event_images/orientation_program/img1.jpg','2025-07-29 05:33:45'),(803,120,'event_images/orientation_program/img2.jpg','2025-07-29 05:33:45'),(804,120,'event_images/orientation_program/img3.jpg','2025-07-29 05:33:45'),(805,120,'event_images/orientation_program/img4.jpg','2025-07-29 05:33:45'),(806,120,'event_images/orientation_program/img5.jpg','2025-07-29 05:33:45'),(807,121,'event_images/interact_club_felicitation_and_menstrual_hygiene_awareness_workshop/img1.JPG','2025-07-29 05:35:18'),(808,121,'event_images/interact_club_felicitation_and_menstrual_hygiene_awareness_workshop/img2.JPG','2025-07-29 05:35:18'),(809,121,'event_images/interact_club_felicitation_and_menstrual_hygiene_awareness_workshop/img3.JPG','2025-07-29 05:35:18'),(810,121,'event_images/interact_club_felicitation_and_menstrual_hygiene_awareness_workshop/img4.JPG','2025-07-29 05:35:18'),(811,121,'event_images/interact_club_felicitation_and_menstrual_hygiene_awareness_workshop/img5.JPG','2025-07-29 05:35:18'),(812,121,'event_images/interact_club_felicitation_and_menstrual_hygiene_awareness_workshop/img6.JPG','2025-07-29 05:35:18'),(813,121,'event_images/interact_club_felicitation_and_menstrual_hygiene_awareness_workshop/img7.JPG','2025-07-29 05:35:18'),(814,121,'event_images/interact_club_felicitation_and_menstrual_hygiene_awareness_workshop/img8.JPG','2025-07-29 05:35:18'),(815,122,'event_images/baisakhi_celerbration/img1.jpg','2025-07-29 06:09:57'),(816,122,'event_images/baisakhi_celerbration/img2.jpg','2025-07-29 06:09:57'),(817,122,'event_images/baisakhi_celerbration/img3.jpg','2025-07-29 06:09:57'),(818,122,'event_images/baisakhi_celerbration/img4.jpg','2025-07-29 06:09:57'),(819,122,'event_images/baisakhi_celerbration/img5.jpg','2025-07-29 06:09:57'),(820,122,'event_images/baisakhi_celerbration/img6.jpg','2025-07-29 06:09:57'),(821,122,'event_images/baisakhi_celerbration/img7.jpg','2025-07-29 06:09:57'),(822,122,'event_images/baisakhi_celerbration/img8.jpg','2025-07-29 06:09:57'),(823,122,'event_images/baisakhi_celerbration/img9.jpg','2025-07-29 06:09:57'),(824,123,'event_images/magic_show/img1.jpg','2025-07-29 06:20:11'),(825,123,'event_images/magic_show/img2.jpg','2025-07-29 06:20:11'),(826,123,'event_images/magic_show/img3.jpg','2025-07-29 06:20:11'),(827,123,'event_images/magic_show/img4.jpg','2025-07-29 06:20:11'),(828,123,'event_images/magic_show/img5.jpg','2025-07-29 06:20:11'),(829,124,'event_images/world_earth_day/img1.jpg','2025-07-29 06:22:38'),(830,124,'event_images/world_earth_day/img2.jpg','2025-07-29 06:22:38'),(831,124,'event_images/world_earth_day/img3.jpg','2025-07-29 06:22:38'),(832,124,'event_images/world_earth_day/img4.jpg','2025-07-29 06:22:38'),(833,124,'event_images/world_earth_day/img5.jpg','2025-07-29 06:22:38'),(834,124,'event_images/world_earth_day/img6.jpg','2025-07-29 06:22:38'),(835,125,'event_images/splash_pool/img1.jpg','2025-07-29 06:32:06'),(836,125,'event_images/splash_pool/img2.jpg','2025-07-29 06:32:06'),(837,125,'event_images/splash_pool/img3.jpg','2025-07-29 06:32:06'),(838,125,'event_images/splash_pool/img4.jpg','2025-07-29 06:32:06'),(839,125,'event_images/splash_pool/img5.jpg','2025-07-29 06:32:06'),(840,126,'event_images/nukkad_natak_by_interactive_club/img1.jpg','2025-07-29 06:33:28'),(841,126,'event_images/nukkad_natak_by_interactive_club/img2.jpg','2025-07-29 06:33:28'),(842,126,'event_images/nukkad_natak_by_interactive_club/img3.jpg','2025-07-29 06:33:28'),(843,126,'event_images/nukkad_natak_by_interactive_club/img4.jpg','2025-07-29 06:33:28'),(844,126,'event_images/nukkad_natak_by_interactive_club/img5.jpg','2025-07-29 06:33:28'),(851,128,'event_images/seminar_on_social_issues__by_dsp_and_sho_/img1.jpg','2025-07-29 07:03:43'),(852,128,'event_images/seminar_on_social_issues__by_dsp_and_sho_/img2.jpg','2025-07-29 07:03:43'),(853,128,'event_images/seminar_on_social_issues__by_dsp_and_sho_/img3.jpg','2025-07-29 07:03:43'),(854,128,'event_images/seminar_on_social_issues__by_dsp_and_sho_/img4.jpg','2025-07-29 07:03:43'),(855,128,'event_images/seminar_on_social_issues__by_dsp_and_sho_/img5.jpg','2025-07-29 07:03:43'),(856,129,'event_images/seminar_on_hormonal_imbalance_and_general_wellbeing/img1.jpg','2025-07-29 07:07:41'),(857,129,'event_images/seminar_on_hormonal_imbalance_and_general_wellbeing/img2.jpg','2025-07-29 07:07:41'),(858,129,'event_images/seminar_on_hormonal_imbalance_and_general_wellbeing/img3.jpg','2025-07-29 07:07:41'),(859,129,'event_images/seminar_on_hormonal_imbalance_and_general_wellbeing/img4.jpg','2025-07-29 07:07:41'),(860,129,'event_images/seminar_on_hormonal_imbalance_and_general_wellbeing/img5.jpg','2025-07-29 07:07:41'),(861,129,'event_images/seminar_on_hormonal_imbalance_and_general_wellbeing/img6.jpg','2025-07-29 07:07:41'),(862,130,'event_images/international_yoga_day_celebration/img1.jpg','2025-07-29 07:18:21'),(863,130,'event_images/international_yoga_day_celebration/img2.jpg','2025-07-29 07:18:21'),(864,130,'event_images/international_yoga_day_celebration/img3.jpg','2025-07-29 07:18:21'),(865,130,'event_images/international_yoga_day_celebration/img4.jpg','2025-07-29 07:18:21'),(866,130,'event_images/international_yoga_day_celebration/img5.jpg','2025-07-29 07:18:21'),(867,130,'event_images/international_yoga_day_celebration/img6.jpg','2025-07-29 07:18:21'),(868,130,'event_images/international_yoga_day_celebration/img7.jpg','2025-07-29 07:18:21'),(869,131,'event_images/life_skills_workshop/img1.jpg','2025-07-29 07:19:15'),(870,131,'event_images/life_skills_workshop/img2.jpg','2025-07-29 07:19:15'),(871,131,'event_images/life_skills_workshop/img3.jpg','2025-07-29 07:19:15'),(872,131,'event_images/life_skills_workshop/img4.jpg','2025-07-29 07:19:15'),(873,131,'event_images/life_skills_workshop/img5.jpg','2025-07-29 07:19:15'),(874,131,'event_images/life_skills_workshop/img6.jpg','2025-07-29 07:19:15'),(875,131,'event_images/life_skills_workshop/img7.jpg','2025-07-29 07:19:15'),(876,132,'event_images/disaster_management_training_for_educators/img1.jpg','2025-07-29 07:20:47'),(877,132,'event_images/disaster_management_training_for_educators/img2.jpg','2025-07-29 07:20:47'),(878,132,'event_images/disaster_management_training_for_educators/img3.jpg','2025-07-29 07:20:47'),(879,132,'event_images/disaster_management_training_for_educators/img4.jpg','2025-07-29 07:20:47'),(880,132,'event_images/disaster_management_training_for_educators/img5.jpg','2025-07-29 07:20:47'),(881,132,'event_images/disaster_management_training_for_educators/img6.jpg','2025-07-29 07:20:47'),(882,133,'event_images/rally_say_no_to_plastic/img1.jpg','2025-07-29 07:22:17'),(883,133,'event_images/rally_say_no_to_plastic/img2.jpg','2025-07-29 07:22:17'),(884,133,'event_images/rally_say_no_to_plastic/img3.jpg','2025-07-29 07:22:17'),(885,133,'event_images/rally_say_no_to_plastic/img4.jpg','2025-07-29 07:22:17'),(886,133,'event_images/rally_say_no_to_plastic/img5.jpg','2025-07-29 07:22:17'),(887,134,'event_images/nss_botanical_garden/img1.jpg','2025-07-29 07:23:32'),(888,134,'event_images/nss_botanical_garden/img2.jpg','2025-07-29 07:23:32'),(889,134,'event_images/nss_botanical_garden/img3.jpg','2025-07-29 07:23:32'),(890,134,'event_images/nss_botanical_garden/img4.jpg','2025-07-29 07:23:32'),(891,134,'event_images/nss_botanical_garden/img5.jpg','2025-07-29 07:23:32'),(892,134,'event_images/nss_botanical_garden/img6.jpg','2025-07-29 07:23:32'),(893,135,'event_images/paper_bag_day/img1.jpg','2025-07-29 07:24:32'),(894,135,'event_images/paper_bag_day/img2.jpg','2025-07-29 07:24:32'),(895,135,'event_images/paper_bag_day/img3.jpg','2025-07-29 07:24:32'),(896,135,'event_images/paper_bag_day/img4.jpg','2025-07-29 07:24:32'),(897,135,'event_images/paper_bag_day/img5.jpg','2025-07-29 07:24:32'),(898,135,'event_images/paper_bag_day/img6.jpg','2025-07-29 07:24:32'),(899,135,'event_images/paper_bag_day/img7.jpg','2025-07-29 07:24:32'),(900,136,'event_images/nature_walk/img1.jpg','2025-07-29 07:30:14'),(901,136,'event_images/nature_walk/img2.jpg','2025-07-29 07:30:14'),(902,136,'event_images/nature_walk/img3.jpg','2025-07-29 07:30:14'),(903,136,'event_images/nature_walk/img4.jpg','2025-07-29 07:30:14'),(904,136,'event_images/nature_walk/img5.jpg','2025-07-29 07:30:14'),(905,136,'event_images/nature_walk/img6.jpg','2025-07-29 07:30:14'),(906,136,'event_images/nature_walk/img7.jpg','2025-07-29 07:30:14');
/*!40000 ALTER TABLE `event_images` ENABLE KEYS */;
UNLOCK TABLES;

--
-- Table structure for table `events`
--

DROP TABLE IF EXISTS `events`;
/*!40101 SET @saved_cs_client     = @@character_set_client */;
/*!50503 SET character_set_client = utf8mb4 */;
CREATE TABLE `events` (
  `id` int NOT NULL AUTO_INCREMENT,
  `title` varchar(255) COLLATE utf8mb4_general_ci NOT NULL,
  `date` date NOT NULL,
  `feature_image` varchar(255) COLLATE utf8mb4_general_ci DEFAULT NULL,
  `update_date` timestamp NOT NULL DEFAULT CURRENT_TIMESTAMP,
  PRIMARY KEY (`id`)
) ENGINE=InnoDB AUTO_INCREMENT=137 DEFAULT CHARSET=utf8mb4 COLLATE=utf8mb4_general_ci;
/*!40101 SET character_set_client = @saved_cs_client */;

--
-- Dumping data for table `events`
--

LOCK TABLES `events` WRITE;
/*!40000 ALTER TABLE `events` DISABLE KEYS */;
INSERT INTO `events` VALUES (20,'Nutrition week','2024-12-04','feature_image/nutrition_week/img3.jpg','2025-03-21 09:36:40'),(21,'Opinionator','2023-11-04','feature_image/opinionator/img3.jpg','2025-03-21 09:50:51'),(22,'Diwali Celebration','2023-11-09','feature_image/diwali_celebration/img1.jpg','2025-03-21 09:53:21'),(25,'SALAD MAKING ACTIVITY','2025-01-30','feature_image/salad_making_activity/img1.jpg','2025-03-23 18:20:38'),(26,'Republic Day Celebration','2025-01-25','feature_image/republic_day_celebration/img1.jpg','2025-03-24 03:37:34'),(27,'Lohri celebration','2025-01-11','feature_image/lohri_celebration/img1.jpg','2025-03-24 03:43:07'),(28,'INCLUSION WORKSHOP','2025-01-08','feature_image/inclusion_workshop/img1.jpg','2025-03-24 03:45:10'),(29,'CHRISTMAS CELEBRATION','2024-12-23','feature_image/christmas_celebration/img1.jpg','2025-03-24 03:48:09'),(30,'POSTAL DRILL','2024-12-19','feature_image/postal_drill/img1.jpg','2025-03-24 03:50:06'),(31,'Soft skill & Career Guidance','2024-12-05','feature_image/soft_skill___career_guidance/img1.jpg','2025-03-24 03:51:59'),(32,'Story Eanctment','2024-11-29','feature_image/story_eanctment/img1.jpg','2025-03-24 03:54:03'),(33,'STORY ENACTMENT KINDERGARTEN','2024-09-16','feature_image/story_enactment_kindergarten/img1.jpg','2025-03-24 03:56:11'),(34,'CBSE Cluster Games','2024-09-13','feature_image/cbse_cluster_games/img1.jpg','2025-03-24 03:57:42'),(35,'MEET THE COMMUNITY HELPERS','2024-09-10','feature_image/meet_the_community_helpers/img1.jpg','2025-03-24 04:00:39'),(36,'TOY DONATION-PRABH AASRA','2024-09-08','feature_image/toy_donation_prabh_aasra/img1.jpg','2025-03-24 04:02:08'),(37,'Teacher\'s Day Celebration','2024-09-05','feature_image/teacher_s_day_celebration/img7.jpg','2025-03-24 04:05:26'),(38,'National Sports Day','2024-08-29','feature_image/national_sports_day/img1.jpg','2025-03-24 04:06:29'),(39,'Mini Marathon','2024-08-29','feature_image/mini_marathon/img1.jpg','2025-03-24 04:08:31'),(42,'Esperanza 24 Annual Day Celebration','2024-12-10','feature_image/esperanza_24_annual_day_celebration/img1.jpg','2025-03-24 07:16:08'),(43,'Krishna Janmashtami Festival','2024-08-28','feature_image/krishna_janmashtami_festival/img3.jpg','2025-03-24 07:19:37'),(44,'Independence Day Celebration','2024-08-15','feature_image/independence_day_celebration/img5.jpg','2025-03-24 07:20:21'),(45,'Blood Donation Camp','2024-08-10','feature_image/blood_donation_camp/img4.jpg','2025-03-24 07:21:01'),(46,'Traffic Awareness Workshop','2024-08-02','feature_image/traffic_awareness_workshop/img3.jpg','2025-03-24 07:21:31'),(47,'Environment Awareness','2024-07-30','feature_image/environment_awareness/img4.jpg','2025-03-24 07:22:11'),(49,'International Tiger Day','2024-07-29','feature_image/international_tiger_day/img4.jpg','2025-03-24 07:28:10'),(50,'Plantation Drive','2024-07-29','feature_image/plantation_drive/img3.jpg','2025-03-24 07:30:21'),(51,'Educational Trip Traffic Park Visit','2024-07-26','feature_image/educational_trip_traffic_park_visit/img1.jpg','2025-03-24 07:31:05'),(52,'Medical Camp organized by Homi Bhabha Cancer and Research Centre','2024-07-24','feature_image/medical_camp_organized_by_homi_bhabha_cancer_and_research_centre/img4.jpg','2025-03-24 07:31:41'),(53,'Monsoon Mania','2024-07-19','feature_image/monsoon_mania/img1.jpg','2025-03-24 07:40:43'),(54,'Seminar on Cancer Awareness','2024-07-09','feature_image/seminar_on_cancer_awareness/img1.jpg','2025-03-24 07:41:17'),(55,'Seed Germination','2024-07-08','feature_image/seed_germination/img1.jpg','2025-03-24 07:41:55'),(56,'Investiture Ceremony','2024-07-05','feature_image/investiture_ceremony/img5.jpg','2025-03-24 07:42:27'),(57,'CBSE Workshop','2024-06-27','feature_image/cbse_workshop/img5.jpg','2025-03-24 07:43:05'),(58,'International Yoga Day','2024-06-21','feature_image/international_yoga_day/img1.jpg','2025-03-24 07:43:49'),(59,'GRADE 10-TREKKING & CAMPING','2024-06-03','feature_image/grade_10_trekking___camping/img1.jpg','2025-03-24 07:44:38'),(60,'DENTAL HYGIENE DRILL','2024-05-20','feature_image/dental_hygiene_drill/img1.jpg','2025-03-24 07:45:18'),(61,'Teachers Workshop','2024-05-18','feature_image/teachers_workshop/img3.jpg','2025-03-24 07:45:44'),(62,'CURIOSITY KIDS KINDERGARTEN','2024-05-17','feature_image/curiosity_kids_kindergarten/img5.jpg','2025-03-24 07:46:20'),(63,'POTTER\'S WHEEL KINDERGARTEN','2024-05-03','feature_image/potter_s_wheel_kindergarten/img5.jpg','2025-03-24 07:47:39'),(64,'KHEERGANGA TREK','2024-04-28','feature_image/kheerganga_trek/img1.jpg','2025-03-24 07:48:20'),(65,'Collaboration with four esteemed foreign universities','2024-04-23','feature_image/collaboration_with_four_esteemed_foreign_universities/img3.jpg','2025-03-24 07:48:59'),(66,'INTERACT CLUB INSTALLATION','2024-04-12','feature_image/interact_club_installation/img1.jpg','2025-03-24 07:49:54'),(67,'Music & Dance Practice','2024-02-23','feature_image/music___dance_practice/img1.jpg','2025-03-24 07:50:43'),(68,'Grade 12 Farewell','2024-02-10','feature_image/grade_12_farewell/img6.jpg','2025-03-24 07:51:15'),(69,'Robotics Lab Inauguration','2024-02-09','feature_image/robotics_lab_inauguration/img7.jpg','2025-03-24 07:51:44'),(70,'Sportsperanza','2023-12-12','feature_image/sportsperanza/img1.jpg','2025-03-24 07:52:54'),(71,'Gurupurab Celebration','2023-11-25','feature_image/gurupurab_celebration/img4.jpg','2025-03-24 07:53:30'),(72,'Roller Skating Competition winners','2023-11-02','feature_image/roller_skating_competition_winners/img3.jpg','2025-03-24 07:54:09'),(73,'Interhouse Rangoli Competition','2023-10-29','feature_image/interhouse_rangoli_competition/img1.jpg','2025-03-26 05:37:30'),(74,'Interhouse Cricket Match','2023-10-26','feature_image/interhouse_cricket_match/img1.jpg','2025-03-26 05:41:48'),(75,'Dussehra Celebration','2023-10-23','feature_image/dussehra_celebration/img1.jpg','2025-03-26 05:51:17'),(76,'Table manners & etiquette','2023-08-31','feature_image/table_manners___etiquette/img3.jpg','2025-03-26 05:54:25'),(78,'Clay Modeling','2023-08-18','feature_image/clay_modeling/img2.jpg','2025-03-26 06:01:17'),(79,'Rakhi Making','2023-08-28','feature_image/rakhi_making/img2.jpg','2025-04-16 06:54:54'),(80,'Bone density checkup','2023-08-17','feature_image/bone_density_checkup/img1.jpg','2025-04-16 07:30:31'),(81,'Tricolor dress up','2023-08-14','feature_image/tricolor_dress_up/img1.jpg','2025-04-16 07:42:34'),(82,'Incredible India Exhibition','2023-08-11','feature_image/incredible_india_exhibition/img1.jpg','2025-04-16 07:48:49'),(83,'Science Exhibition','2023-08-08','feature_image/science_exhibition/img1.jpg','2025-04-16 07:55:20'),(84,'Act Of Kindness','2023-08-02','feature_image/act_of_kindness/img1.jpg','2025-04-16 07:58:25'),(85,'Got Best Future Ready Infrastructure School Awards at 17th Education Summit','2023-07-21','feature_image/got_best_future_ready_infrastructure_school_awards_at_17th_education_summit/img1.jpg','2025-04-16 08:01:06'),(86,'Fun in Swimming Pool','2023-07-19','feature_image/fun_in_swimming_pool/img1.jpg','2025-04-16 08:04:59'),(87,'Fumigation After Flood','2023-07-13','feature_image/fumigation_after_flood/img1.jpg','2025-04-16 08:07:40'),(88,'Splash Pool Activity','2023-05-25','feature_image/splash_pool_activity/img2.jpg','2025-04-16 08:11:03'),(89,'Magic of The Potters Wheel','2023-05-19','feature_image/magic_of_the_potter_s_wheel/img1.jpg','2025-04-16 08:18:38'),(90,'Traffic Rule Awarness workshop','2023-05-05','feature_image/traffic_rule_awarness_workshop/img1.jpg','2025-04-16 08:21:15'),(91,'Baisakhi Celebration','2023-04-13','feature_image/baisakhi_celebration/img2.jpg','2025-04-16 08:51:28'),(92,'CBSE National Chess Championship 2022','2023-01-14','feature_image/cbse_national_chess_championship_2022/img10.jpg','2025-04-16 08:56:03'),(93,'Esperanza\'22','2022-12-19','feature_image/esperanza_22/img2.jpg','2025-04-29 11:52:22'),(94,'Parenting Workshop','2022-11-05','feature_image/parenting_workshop/img1.jpg','2025-04-29 12:13:39'),(95,'Toilet Etiquettes','2022-11-17','feature_image/toilet_etiquettes/img1.jpg','2025-04-29 12:26:21'),(96,'Children Day','2022-11-14','feature_image/children_day/img2.jpg','2025-04-30 07:09:38'),(97,'Gurpurab Celebration','2022-11-07','feature_image/gurpurab_celebration/img2.jpg','2025-04-30 07:18:08'),(98,'SDG Activity','2022-11-04','feature_image/sdg_activity/img2.jpg','2025-04-30 07:32:48'),(99,'PTM','2022-10-28','feature_image/ptm/img2.jpg','2025-04-30 09:32:50'),(100,'Diwali Celebration','2022-10-20','feature_image/diwali_celebration/img1.jpg','2025-04-30 09:53:41'),(101,'Gross Motor Skill','2022-10-06','feature_image/gross_motor_skill/img1.jpg','2025-04-30 10:46:31'),(102,'Eye Checkup Camp','2022-09-15','feature_image/eye_checkup_camp/img1.jpg','2025-04-30 10:55:10'),(103,'Hindi Diwas','2022-09-14','feature_image/hindi_diwas/img1.jpg','2025-04-30 11:02:57'),(104,'PTM 1-11th Class','2022-09-10','feature_image/ptm_1_11th_class/img1.jpg','2025-04-30 11:10:08'),(105,'Teachers Day celebration','2022-09-05','feature_image/teachers_day_celebration/img3.jpg','2025-04-30 11:20:32'),(106,'National Sports Day','2022-08-29','feature_image/national_sports_day/img1.jpg','2025-04-30 11:58:11'),(107,'De-worming Distrubution','2022-08-27','feature_image/de_worming_distrubution/img1.jpg','2025-04-30 12:09:04'),(108,'Janmashtami','2022-08-18','feature_image/janmashtami/img4.jpg','2025-04-30 12:17:41'),(109,'Independance Day','2022-08-15','feature_image/independance_day/img2.jpg','2025-04-30 12:46:06'),(110,'Exhibition of Summer projects of student','2022-08-12','feature_image/exhibition_of_summer_projects_of_student/img1.jpg','2025-04-30 12:53:39'),(111,'AKAM Tiranga Making','2022-08-12','feature_image/akam_tiranga_making/img7.jpg','2025-04-30 13:02:48'),(112,'Rakshabandhan Celerbation','2022-08-10','feature_image/rakshabandhan_celerbation/img2.jpg','2025-04-30 13:07:47'),(113,'Selfie with Small Satellite Launch by ISRO','2022-08-07','feature_image/selfie_with_small_satellite_launch_by_isro/img1.jpg','2025-04-30 13:11:57'),(114,'PTM pre primary','2022-08-06','feature_image/ptm_pre_primary/img1.jpg','2025-04-30 13:16:24'),(115,'A Heartfelt Farewell for Grade 12 Students','2025-02-01','feature_image/a_heartfelt_farewell_for_grade_12_students/img2.jpg','2025-07-29 05:14:49'),(116,'BLS Training and CPR Demonstration Workshop','2025-02-04','feature_image/bls_training_and_cpr_demonstration_workshop/img1.jpg','2025-07-29 05:16:52'),(117,'Blessing ceremony grade 10','2025-02-08','feature_image/blessing_ceremony_grade_10/img1.JPG','2025-07-29 05:17:59'),(118,'JUNIOR SPORTSPRENZA','2025-02-20','feature_image/junior_sportsprenza/img1.jpg','2025-07-29 05:27:40'),(119,'GRADUATION CEREMONY','2025-03-11','feature_image/graduation_ceremony/img1.jpg','2025-07-29 05:30:37'),(120,'Orientation program','2025-04-01','feature_image/orientation_program/img1.jpg','2025-07-29 05:33:45'),(121,'INTERACT CLUB FELICITATION AND MENSTRUAL HYGIENE AWARENESS WORKSHOP','2025-04-09','feature_image/interact_club_felicitation_and_menstrual_hygiene_awareness_workshop/img1.JPG','2025-07-29 05:35:17'),(122,'Baisakhi Celerbration','2025-04-11','feature_image/baisakhi_celerbration/img1.jpg','2025-07-29 06:09:56'),(123,'Magic Show','2025-04-16','feature_image/magic_show/img1.jpg','2025-07-29 06:20:11'),(124,'World Earth Day','2025-04-22','feature_image/world_earth_day/img1.jpg','2025-07-29 06:22:37'),(125,'Splash pool','2025-05-05','feature_image/splash_pool/img1.jpg','2025-07-29 06:32:05'),(126,'Nukkad Natak by Interactive Club','2025-05-12','feature_image/nukkad_natak_by_interactive_club/img2.jpg','2025-07-29 06:33:28'),(128,'Seminar on social issues (By DSP and SHO)','2025-05-20','feature_image/seminar_on_social_issues__by_dsp_and_sho_/img2.jpg','2025-07-29 07:03:43'),(129,'Seminar on hormonal imbalance and general wellbeing','2025-05-29','feature_image/seminar_on_hormonal_imbalance_and_general_wellbeing/img2.jpg','2025-07-29 07:07:40'),(130,'International Yoga Day Celebration','2025-06-21','feature_image/international_yoga_day_celebration/img1.jpg','2025-07-29 07:18:20'),(131,'LIFE SKILLS WORKSHOP','2025-06-28','feature_image/life_skills_workshop/img1.jpg','2025-07-29 07:19:15'),(132,'Disaster Management Training for Educators','2025-06-30','feature_image/disaster_management_training_for_educators/img2.jpg','2025-07-29 07:20:46'),(133,'RALLY SAY NO TO PLASTIC','2025-07-03','feature_image/rally_say_no_to_plastic/img1.jpg','2025-07-29 07:22:17'),(134,'NSS Botanical Garden','2025-07-04','feature_image/nss_botanical_garden/img1.jpg','2025-07-29 07:23:31'),(135,'Paper Bag Day','2025-07-11','feature_image/paper_bag_day/img1.jpg','2025-07-29 07:24:31'),(136,'NATURE WALK','2025-07-14','feature_image/nature_walk/img1.jpg','2025-07-29 07:30:14');
/*!40000 ALTER TABLE `events` ENABLE KEYS */;
UNLOCK TABLES;

--
-- Table structure for table `news_coverage`
--

DROP TABLE IF EXISTS `news_coverage`;
/*!40101 SET @saved_cs_client     = @@character_set_client */;
/*!50503 SET character_set_client = utf8mb4 */;
CREATE TABLE `news_coverage` (
  `id` int NOT NULL AUTO_INCREMENT,
  `title` varchar(255) NOT NULL,
  `date` date NOT NULL,
  `feature_image` varchar(255) DEFAULT NULL,
  `update_date` timestamp NOT NULL DEFAULT CURRENT_TIMESTAMP,
  PRIMARY KEY (`id`)
) ENGINE=InnoDB AUTO_INCREMENT=59 DEFAULT CHARSET=utf8mb4 COLLATE=utf8mb4_unicode_ci;
/*!40101 SET character_set_client = @saved_cs_client */;

--
-- Dumping data for table `news_coverage`
--

LOCK TABLES `news_coverage` WRITE;
/*!40000 ALTER TABLE `news_coverage` DISABLE KEYS */;
INSERT INTO `news_coverage` VALUES (1,'Stem Education Workshop','2024-05-18','feature_image_news/stem_education_workshop/img2.jpg','2025-07-01 07:49:43'),(2,'Balvatika & Jadui Pitara Workshop','2024-05-27','feature_image_news/balvatika___jadui_pitara_workshop/img5.jpg','2025-07-01 07:51:53'),(3,'Student Trif','2024-06-15','feature_image_news/student_trif/img2.jpg','2025-07-01 07:54:14'),(4,'CBSE workshop','2024-06-26','feature_image_news/cbse_workshop/img3.jpg','2025-07-01 07:55:09'),(5,'Investiture Ceremony','2024-07-08','feature_image_news/investiture_ceremony/img1.jpg','2025-07-01 07:56:23'),(6,'Workshop on Save Environment','2024-07-14','feature_image_news/workshop_on_save_environment/img3.jpg','2025-07-01 07:57:22'),(7,'Cancer Awareness Workshop','2024-07-24','feature_image_news/cancer_awareness_workshop/img3.jpg','2025-07-01 07:58:08'),(8,'First Prize in Folk Dance in UK','2024-07-30','feature_image_news/first_prize_in_folk_dance_in_uk/img10.jpg','2025-07-01 07:59:06'),(9,'Ciber Awareness Program','2024-08-06','feature_image_news/ciber_awareness_program/img1.jpg','2025-07-01 08:00:05'),(10,'Teej Celebration','2024-08-10','feature_image_news/teej_celebration/img6.jpg','2025-07-01 08:00:54'),(11,'Independance Day Celebration','2024-08-15','feature_image_news/independance_day_celebration/img3.jpg','2025-07-01 08:01:27'),(12,'Celebration of Raksha Bandhan','2024-08-18','feature_image_news/celebration_of_raksha_bandhan/img1.jpg','2025-07-01 08:03:12'),(13,'BDC Camp','2024-09-08','feature_image_news/bdc_camp/img1.jpg','2025-07-01 08:04:19'),(14,'Seminar on Equality','2024-09-15','feature_image_news/seminar_on_equality/img7.jpg','2025-07-01 08:05:25'),(15,'Cleaness Drive','2024-09-25','feature_image_news/cleaness_drive/img1.jpg','2025-07-01 08:06:33'),(16,'First Aid & CPR Workshop','2024-10-08','feature_image_news/first_aid___cpr_workshop/img10.jpg','2025-07-01 08:07:46'),(17,'Dussehra  Celebration','2024-10-11','feature_image_news/dussehra__celebration/img5.jpg','2025-07-01 08:08:43'),(18,'Student Trip','2024-10-15','feature_image_news/student_trip/img8.jpg','2025-07-01 08:09:41'),(19,'Songs & rhymes Day','2024-10-25','feature_image_news/songs___rhymes_day/img1.jpg','2025-07-01 08:10:54'),(20,'Awareness on Road Safty and Traffic Rules','2024-11-27','feature_image_news/awareness_on_road_safty_and_traffic_rules/img1.jpg','2025-07-01 08:12:32'),(21,'Diwali Celebration','2024-11-28','feature_image_news/diwali_celebration/img1.jpg','2025-07-01 08:13:09'),(22,'Workshop on Career & Soft Skill','2024-12-07','feature_image_news/workshop_on_career___soft_skill/img5.jpg','2025-07-01 08:14:06'),(23,'Esperanza 24 Annual Day Celebration','2024-12-10','feature_image_news/esperanza_24_annual_day_celebration/img1.jpg','2025-07-01 08:14:52'),(24,'Two Day CBSE Workshop','2025-01-03','feature_image_news/two_day_cbse_workshop/img3.jpg','2025-07-01 08:16:29'),(25,'Lohri Celebration','2025-01-11','feature_image_news/lohri_celebration/img1.jpg','2025-07-01 08:17:32'),(26,'Republic Day Celebration','2025-01-25','feature_image_news/republic_day_celebration/img2.jpg','2025-07-01 08:18:17'),(27,'Basant Panchami Celebration','2025-02-01','feature_image_news/basant_panchami_celebration/img1.jpg','2025-07-01 08:19:22'),(28,'Farewell Ceremony ','2025-02-10','feature_image_news/farewell_ceremony_/img1.jpg','2025-07-01 08:20:03'),(30,'Annual Sports Day','2025-03-02','feature_image_news/annual_sports_day/IMG-20250305-WA0011.jpg','2026-01-09 10:01:21'),(31,'Sports Activity','2025-03-10','feature_image_news/sports_activity/IMG-20250310-WA0001.jpg','2026-01-09 10:02:07'),(32,'Graduation Ceremony','2025-03-16','feature_image_news/graduation_ceremony/IMG-20250318-WA0003.jpg','2026-01-09 10:04:05'),(33,'New Session Begin','2025-04-07','feature_image_news/new_session_begin/IMG-20250411-WA0002.jpg','2026-01-09 11:00:33'),(34,'World Health Day Celebration','2025-04-10','feature_image_news/world_health_day_celebration/IMG-20250410-WA0000.jpg','2026-01-09 11:01:19'),(35,'World Earth Day Celebration','2025-04-22','feature_image_news/world_earth_day_celebration/IMG-20250425-WA0011.jpg','2026-01-09 11:02:07'),(36,'Story Reciting Session','2025-05-07','feature_image_news/story_reciting_session/IMG-20250510-WA0004.jpg','2026-01-09 11:02:53'),(37,'Investiture Ceremony','2025-05-13','feature_image_news/investiture_ceremony/IMG-20250602-WA0013.jpg','2026-01-09 11:04:05'),(39,'Brookfield shine in CBSE Exam','2025-05-20','feature_image_news/brookfield_shine_in_cbse_exam/IMG-20250514-WA0003.jpg','2026-01-09 11:05:23'),(40,'Samadhi Sadhna','2025-06-01','feature_image_news/samadhi_sadhna/IMG-20250707-WA0015.jpg','2026-01-10 07:51:32'),(41,'Disaster Management Training for Teachers ','2025-07-02','feature_image_news/disaster_management_training_for_teachers_/IMG-20250707-WA0012.jpg','2026-01-10 07:52:22'),(42,'Tree plantation Drive','2025-07-10','feature_image_news/tree_plantation_drive/IMG-20250714-WA0003.jpg','2026-01-10 07:52:58'),(43,'STEM week with Curiocity Kid lab','2025-07-16','feature_image_news/stem_week_with_curiocity_kid_lab/IMG-20250724-WA0008.jpg','2026-01-10 07:53:37'),(44,'Independence Day Celebration','2025-08-15','feature_image_news/independence_day_celebration/IMG-20250818-WA0000.jpg','2026-01-10 07:54:15'),(45,'Interact Club Installation','2025-08-24','feature_image_news/interact_club_installation/IMG-20250828-WA0002.jpg','2026-01-10 07:54:53'),(46,'Provided Relief to Flood Area','2025-09-23','feature_image_news/provided_relief_to_flood_area/IMG-20250929-WA0000.jpg','2026-01-10 07:55:28'),(47,'First Aid & CPR Session ','2025-10-01','feature_image_news/first_aid___cpr_session_/IMG-20241016-WA0003.jpg','2026-01-10 07:56:14'),(48,'Ramleela performed by student','2025-10-10','feature_image_news/ramleela_performed_by_student/IMG-20241016-WA0013.jpg','2026-01-10 07:56:52'),(49,'Educational Excursion','2025-10-12','feature_image_news/educational_excursion/IMG-20251015-WA0016.jpg','2026-01-10 08:19:32'),(50,'Seminar on Nutrition & healthy Diet','2025-10-26','feature_image_news/seminar_on_nutrition___healthy_diet/IMG-20251110-WA0002.jpg','2026-01-10 08:20:36'),(51,'Informative & Inspiring worshop','2025-11-03','feature_image_news/informative___inspiring_worshop/IMG-20251211-WA0025.jpg','2026-01-10 08:22:28'),(52,'Celebration of Guru Nanak Dev Ji birthday','2025-11-06','feature_image_news/celebration_of_guru_nanak_dev_ji_birthday/IMG-20251110-WA0003.jpg','2026-01-10 08:23:10'),(53,'Conference Brook MUN 2025','2025-11-07','feature_image_news/conference_brook_mun_2025/IMG-20250916-WA0002.jpg','2026-01-10 08:24:05'),(55,'Musical Carnival organized by Kindergaten Students','2025-11-25','feature_image_news/musical_carnival_organized_by_kindergaten_students/IMG-20251126-WA0004.jpg','2026-01-10 08:25:05'),(56,'Esperanza 25 Annual Day Celebration','2025-12-09','feature_image_news/esperanza_25_annual_day_celebration/IMG-20241221-WA0002.jpg','2026-01-10 08:25:57'),(57,'Guru Da Langer Organized','2025-12-18','feature_image_news/guru_da_langer_organized/IMG-20260103-WA0000.jpg','2026-01-10 08:26:44'),(58,'Christmas Day Celebration','2025-12-25','feature_image_news/christmas_day_celebration/Christmas Celebration by Kindergarten Students.jpg','2026-01-10 08:27:42');
/*!40000 ALTER TABLE `news_coverage` ENABLE KEYS */;
UNLOCK TABLES;

--
-- Table structure for table `news_coverage_images`
--

DROP TABLE IF EXISTS `news_coverage_images`;
/*!40101 SET @saved_cs_client     = @@character_set_client */;
/*!50503 SET character_set_client = utf8mb4 */;
CREATE TABLE `news_coverage_images` (
  `id` int NOT NULL AUTO_INCREMENT,
  `news_coverage_id` int NOT NULL,
  `image_name` varchar(255) DEFAULT NULL,
  `update_date` timestamp NOT NULL DEFAULT CURRENT_TIMESTAMP,
  PRIMARY KEY (`id`),
  KEY `news_coverage_id_fk_idx` (`news_coverage_id`),
  CONSTRAINT `news_coverage_id_fk` FOREIGN KEY (`news_coverage_id`) REFERENCES `news_coverage` (`id`) ON DELETE CASCADE
) ENGINE=InnoDB AUTO_INCREMENT=484 DEFAULT CHARSET=utf8mb4 COLLATE=utf8mb4_unicode_ci;
/*!40101 SET character_set_client = @saved_cs_client */;

--
-- Dumping data for table `news_coverage_images`
--

LOCK TABLES `news_coverage_images` WRITE;
/*!40000 ALTER TABLE `news_coverage_images` DISABLE KEYS */;
INSERT INTO `news_coverage_images` VALUES (1,1,'news_coverage_images/stem_education_workshop/img1.jpg','2025-07-01 07:49:43'),(2,1,'news_coverage_images/stem_education_workshop/img2.jpg','2025-07-01 07:49:43'),(3,1,'news_coverage_images/stem_education_workshop/img3.jpg','2025-07-01 07:49:43'),(4,1,'news_coverage_images/stem_education_workshop/img4.jpg','2025-07-01 07:49:43'),(5,1,'news_coverage_images/stem_education_workshop/img5.jpg','2025-07-01 07:49:43'),(6,1,'news_coverage_images/stem_education_workshop/img6.jpg','2025-07-01 07:49:43'),(7,1,'news_coverage_images/stem_education_workshop/img7.jpg','2025-07-01 07:49:43'),(8,1,'news_coverage_images/stem_education_workshop/img8.jpg','2025-07-01 07:49:43'),(9,2,'news_coverage_images/balvatika___jadui_pitara_workshop/img1.jpg','2025-07-01 07:51:54'),(10,2,'news_coverage_images/balvatika___jadui_pitara_workshop/img2.jpg','2025-07-01 07:51:54'),(11,2,'news_coverage_images/balvatika___jadui_pitara_workshop/img3.jpg','2025-07-01 07:51:54'),(12,2,'news_coverage_images/balvatika___jadui_pitara_workshop/img4.jpg','2025-07-01 07:51:54'),(13,2,'news_coverage_images/balvatika___jadui_pitara_workshop/img5.jpg','2025-07-01 07:51:54'),(14,2,'news_coverage_images/balvatika___jadui_pitara_workshop/img6.jpg','2025-07-01 07:51:54'),(15,2,'news_coverage_images/balvatika___jadui_pitara_workshop/img7.jpg','2025-07-01 07:51:54'),(16,2,'news_coverage_images/balvatika___jadui_pitara_workshop/img8.jpg','2025-07-01 07:51:54'),(17,2,'news_coverage_images/balvatika___jadui_pitara_workshop/img9.jpg','2025-07-01 07:51:54'),(18,2,'news_coverage_images/balvatika___jadui_pitara_workshop/img10.jpg','2025-07-01 07:51:54'),(19,3,'news_coverage_images/student_trif/img1.jpg','2025-07-01 07:54:14'),(20,3,'news_coverage_images/student_trif/img2.jpg','2025-07-01 07:54:14'),(21,3,'news_coverage_images/student_trif/img3.jpg','2025-07-01 07:54:14'),(22,3,'news_coverage_images/student_trif/img4.jpg','2025-07-01 07:54:14'),(23,3,'news_coverage_images/student_trif/img5.jpg','2025-07-01 07:54:14'),(24,3,'news_coverage_images/student_trif/img6.jpg','2025-07-01 07:54:14'),(25,4,'news_coverage_images/cbse_workshop/img1.jpg','2025-07-01 07:55:09'),(26,4,'news_coverage_images/cbse_workshop/img2.jpg','2025-07-01 07:55:09'),(27,4,'news_coverage_images/cbse_workshop/img3.jpg','2025-07-01 07:55:09'),(28,4,'news_coverage_images/cbse_workshop/img4.jpg','2025-07-01 07:55:09'),(29,4,'news_coverage_images/cbse_workshop/img5.jpg','2025-07-01 07:55:09'),(30,4,'news_coverage_images/cbse_workshop/img6.jpg','2025-07-01 07:55:09'),(31,4,'news_coverage_images/cbse_workshop/img7.jpg','2025-07-01 07:55:09'),(32,4,'news_coverage_images/cbse_workshop/img8.jpg','2025-07-01 07:55:09'),(33,5,'news_coverage_images/investiture_ceremony/img1.jpg','2025-07-01 07:56:24'),(34,5,'news_coverage_images/investiture_ceremony/img2.jpg','2025-07-01 07:56:24'),(35,5,'news_coverage_images/investiture_ceremony/img3.jpg','2025-07-01 07:56:24'),(36,5,'news_coverage_images/investiture_ceremony/img4.jpg','2025-07-01 07:56:24'),(37,5,'news_coverage_images/investiture_ceremony/img5.jpg','2025-07-01 07:56:24'),(38,5,'news_coverage_images/investiture_ceremony/img6.jpg','2025-07-01 07:56:24'),(39,5,'news_coverage_images/investiture_ceremony/img7.jpg','2025-07-01 07:56:24'),(40,6,'news_coverage_images/workshop_on_save_environment/img1.jpg','2025-07-01 07:57:23'),(41,6,'news_coverage_images/workshop_on_save_environment/img2.jpg','2025-07-01 07:57:23'),(42,6,'news_coverage_images/workshop_on_save_environment/img3.jpg','2025-07-01 07:57:23'),(43,6,'news_coverage_images/workshop_on_save_environment/img4.jpg','2025-07-01 07:57:23'),(44,6,'news_coverage_images/workshop_on_save_environment/img5.jpg','2025-07-01 07:57:23'),(45,6,'news_coverage_images/workshop_on_save_environment/img6.jpg','2025-07-01 07:57:23'),(46,6,'news_coverage_images/workshop_on_save_environment/img7.jpg','2025-07-01 07:57:23'),(47,6,'news_coverage_images/workshop_on_save_environment/img8.jpg','2025-07-01 07:57:23'),(48,6,'news_coverage_images/workshop_on_save_environment/img9.jpg','2025-07-01 07:57:23'),(49,6,'news_coverage_images/workshop_on_save_environment/img10.jpg','2025-07-01 07:57:23'),(50,6,'news_coverage_images/workshop_on_save_environment/img11.jpg','2025-07-01 07:57:23'),(51,6,'news_coverage_images/workshop_on_save_environment/img12.jpg','2025-07-01 07:57:23'),(52,7,'news_coverage_images/cancer_awareness_workshop/img1.jpg','2025-07-01 07:58:08'),(53,7,'news_coverage_images/cancer_awareness_workshop/img2.jpg','2025-07-01 07:58:08'),(54,7,'news_coverage_images/cancer_awareness_workshop/img3.jpg','2025-07-01 07:58:08'),(55,7,'news_coverage_images/cancer_awareness_workshop/img4.jpg','2025-07-01 07:58:08'),(56,7,'news_coverage_images/cancer_awareness_workshop/img5.jpg','2025-07-01 07:58:08'),(57,7,'news_coverage_images/cancer_awareness_workshop/img6.jpg','2025-07-01 07:58:08'),(58,8,'news_coverage_images/first_prize_in_folk_dance_in_uk/img1.jpg','2025-07-01 07:59:06'),(59,8,'news_coverage_images/first_prize_in_folk_dance_in_uk/img2.jpg','2025-07-01 07:59:06'),(60,8,'news_coverage_images/first_prize_in_folk_dance_in_uk/img3.jpg','2025-07-01 07:59:06'),(61,8,'news_coverage_images/first_prize_in_folk_dance_in_uk/img4.jpg','2025-07-01 07:59:06'),(62,8,'news_coverage_images/first_prize_in_folk_dance_in_uk/img5.jpg','2025-07-01 07:59:06'),(63,8,'news_coverage_images/first_prize_in_folk_dance_in_uk/img6.jpg','2025-07-01 07:59:06'),(64,8,'news_coverage_images/first_prize_in_folk_dance_in_uk/img7.jpg','2025-07-01 07:59:06'),(65,8,'news_coverage_images/first_prize_in_folk_dance_in_uk/img8.jpg','2025-07-01 07:59:06'),(66,8,'news_coverage_images/first_prize_in_folk_dance_in_uk/img9.jpg','2025-07-01 07:59:06'),(67,8,'news_coverage_images/first_prize_in_folk_dance_in_uk/img10.jpg','2025-07-01 07:59:06'),(68,8,'news_coverage_images/first_prize_in_folk_dance_in_uk/img11.jpg','2025-07-01 07:59:06'),(69,9,'news_coverage_images/ciber_awareness_program/img1.jpg','2025-07-01 08:00:05'),(70,9,'news_coverage_images/ciber_awareness_program/img2.jpg','2025-07-01 08:00:05'),(71,10,'news_coverage_images/teej_celebration/img1.jpg','2025-07-01 08:00:55'),(72,10,'news_coverage_images/teej_celebration/img2.jpg','2025-07-01 08:00:55'),(73,10,'news_coverage_images/teej_celebration/img3.jpg','2025-07-01 08:00:55'),(74,10,'news_coverage_images/teej_celebration/img4.jpg','2025-07-01 08:00:55'),(75,10,'news_coverage_images/teej_celebration/img5.jpg','2025-07-01 08:00:55'),(76,10,'news_coverage_images/teej_celebration/img6.jpg','2025-07-01 08:00:55'),(77,10,'news_coverage_images/teej_celebration/img7.jpg','2025-07-01 08:00:55'),(78,11,'news_coverage_images/independance_day_celebration/img1.jpg','2025-07-01 08:01:27'),(79,11,'news_coverage_images/independance_day_celebration/img2.jpg','2025-07-01 08:01:27'),(80,11,'news_coverage_images/independance_day_celebration/img3.jpg','2025-07-01 08:01:27'),(81,12,'news_coverage_images/celebration_of_raksha_bandhan/img1.jpg','2025-07-01 08:03:12'),(82,12,'news_coverage_images/celebration_of_raksha_bandhan/img2.jpg','2025-07-01 08:03:12'),(83,12,'news_coverage_images/celebration_of_raksha_bandhan/img3.jpg','2025-07-01 08:03:12'),(84,12,'news_coverage_images/celebration_of_raksha_bandhan/img4.jpg','2025-07-01 08:03:12'),(85,12,'news_coverage_images/celebration_of_raksha_bandhan/img5.jpg','2025-07-01 08:03:12'),(86,12,'news_coverage_images/celebration_of_raksha_bandhan/img6.jpg','2025-07-01 08:03:12'),(87,12,'news_coverage_images/celebration_of_raksha_bandhan/img7.jpg','2025-07-01 08:03:12'),(88,12,'news_coverage_images/celebration_of_raksha_bandhan/img8.jpg','2025-07-01 08:03:12'),(89,12,'news_coverage_images/celebration_of_raksha_bandhan/img9.jpg','2025-07-01 08:03:12'),(90,13,'news_coverage_images/bdc_camp/img1.jpg','2025-07-01 08:04:19'),(91,13,'news_coverage_images/bdc_camp/img2.jpg','2025-07-01 08:04:19'),(92,13,'news_coverage_images/bdc_camp/img3.jpg','2025-07-01 08:04:19'),(93,13,'news_coverage_images/bdc_camp/img4.jpg','2025-07-01 08:04:19'),(94,13,'news_coverage_images/bdc_camp/img5.jpg','2025-07-01 08:04:19'),(95,13,'news_coverage_images/bdc_camp/img6.jpg','2025-07-01 08:04:19'),(96,13,'news_coverage_images/bdc_camp/img7.jpg','2025-07-01 08:04:19'),(97,13,'news_coverage_images/bdc_camp/img8.jpg','2025-07-01 08:04:19'),(98,13,'news_coverage_images/bdc_camp/img9.jpg','2025-07-01 08:04:19'),(99,13,'news_coverage_images/bdc_camp/img10.jpg','2025-07-01 08:04:19'),(100,13,'news_coverage_images/bdc_camp/img11.jpg','2025-07-01 08:04:19'),(101,13,'news_coverage_images/bdc_camp/img12.jpg','2025-07-01 08:04:19'),(102,13,'news_coverage_images/bdc_camp/img13.jpg','2025-07-01 08:04:19'),(103,14,'news_coverage_images/seminar_on_equality/img1.jpg','2025-07-01 08:05:25'),(104,14,'news_coverage_images/seminar_on_equality/img2.jpg','2025-07-01 08:05:25'),(105,14,'news_coverage_images/seminar_on_equality/img3.jpg','2025-07-01 08:05:25'),(106,14,'news_coverage_images/seminar_on_equality/img4.jpg','2025-07-01 08:05:25'),(107,14,'news_coverage_images/seminar_on_equality/img5.jpg','2025-07-01 08:05:25'),(108,14,'news_coverage_images/seminar_on_equality/img6.jpg','2025-07-01 08:05:25'),(109,14,'news_coverage_images/seminar_on_equality/img7.jpg','2025-07-01 08:05:25'),(110,14,'news_coverage_images/seminar_on_equality/img8.jpg','2025-07-01 08:05:25'),(111,15,'news_coverage_images/cleaness_drive/img1.jpg','2025-07-01 08:06:34'),(112,15,'news_coverage_images/cleaness_drive/img2.jpg','2025-07-01 08:06:34'),(113,15,'news_coverage_images/cleaness_drive/img3.jpg','2025-07-01 08:06:34'),(114,15,'news_coverage_images/cleaness_drive/img4.jpg','2025-07-01 08:06:34'),(115,15,'news_coverage_images/cleaness_drive/img5.jpg','2025-07-01 08:06:34'),(116,15,'news_coverage_images/cleaness_drive/img6.jpg','2025-07-01 08:06:34'),(117,15,'news_coverage_images/cleaness_drive/img7.jpg','2025-07-01 08:06:34'),(118,15,'news_coverage_images/cleaness_drive/img8.jpg','2025-07-01 08:06:34'),(119,15,'news_coverage_images/cleaness_drive/img9.jpg','2025-07-01 08:06:34'),(120,15,'news_coverage_images/cleaness_drive/img10.jpg','2025-07-01 08:06:34'),(121,15,'news_coverage_images/cleaness_drive/img11.jpg','2025-07-01 08:06:34'),(122,16,'news_coverage_images/first_aid___cpr_workshop/img1.jpg','2025-07-01 08:07:47'),(123,16,'news_coverage_images/first_aid___cpr_workshop/img2.jpg','2025-07-01 08:07:47'),(124,16,'news_coverage_images/first_aid___cpr_workshop/img3.jpg','2025-07-01 08:07:47'),(125,16,'news_coverage_images/first_aid___cpr_workshop/img4.jpg','2025-07-01 08:07:47'),(126,16,'news_coverage_images/first_aid___cpr_workshop/img5.jpg','2025-07-01 08:07:47'),(127,16,'news_coverage_images/first_aid___cpr_workshop/img6.jpg','2025-07-01 08:07:47'),(128,16,'news_coverage_images/first_aid___cpr_workshop/img7.jpg','2025-07-01 08:07:47'),(129,16,'news_coverage_images/first_aid___cpr_workshop/img8.jpg','2025-07-01 08:07:47'),(130,16,'news_coverage_images/first_aid___cpr_workshop/img9.jpg','2025-07-01 08:07:47'),(131,16,'news_coverage_images/first_aid___cpr_workshop/img10.jpg','2025-07-01 08:07:47'),(132,17,'news_coverage_images/dussehra__celebration/img1.jpg','2025-07-01 08:08:43'),(133,17,'news_coverage_images/dussehra__celebration/img2.jpg','2025-07-01 08:08:43'),(134,17,'news_coverage_images/dussehra__celebration/img3.jpg','2025-07-01 08:08:43'),(135,17,'news_coverage_images/dussehra__celebration/img4.jpg','2025-07-01 08:08:43'),(136,17,'news_coverage_images/dussehra__celebration/img5.jpg','2025-07-01 08:08:43'),(137,17,'news_coverage_images/dussehra__celebration/img6.jpg','2025-07-01 08:08:43'),(138,17,'news_coverage_images/dussehra__celebration/img7.jpg','2025-07-01 08:08:43'),(139,17,'news_coverage_images/dussehra__celebration/img8.jpg','2025-07-01 08:08:43'),(140,17,'news_coverage_images/dussehra__celebration/img9.jpg','2025-07-01 08:08:43'),(141,17,'news_coverage_images/dussehra__celebration/img10.jpg','2025-07-01 08:08:43'),(142,18,'news_coverage_images/student_trip/img1.jpg','2025-07-01 08:09:41'),(143,18,'news_coverage_images/student_trip/img2.jpg','2025-07-01 08:09:41'),(144,18,'news_coverage_images/student_trip/img3.jpg','2025-07-01 08:09:41'),(145,18,'news_coverage_images/student_trip/img4.jpg','2025-07-01 08:09:41'),(146,18,'news_coverage_images/student_trip/img5.jpg','2025-07-01 08:09:41'),(147,18,'news_coverage_images/student_trip/img6.jpg','2025-07-01 08:09:41'),(148,18,'news_coverage_images/student_trip/img7.jpg','2025-07-01 08:09:41'),(149,18,'news_coverage_images/student_trip/img8.jpg','2025-07-01 08:09:41'),(150,18,'news_coverage_images/student_trip/img9.jpg','2025-07-01 08:09:41'),(151,19,'news_coverage_images/songs___rhymes_day/img1.jpg','2025-07-01 08:10:54'),(152,19,'news_coverage_images/songs___rhymes_day/img2.jpg','2025-07-01 08:10:54'),(153,19,'news_coverage_images/songs___rhymes_day/img3.jpg','2025-07-01 08:10:54'),(154,19,'news_coverage_images/songs___rhymes_day/img4.jpg','2025-07-01 08:10:54'),(155,19,'news_coverage_images/songs___rhymes_day/img5.jpg','2025-07-01 08:10:54'),(156,19,'news_coverage_images/songs___rhymes_day/img6.jpg','2025-07-01 08:10:54'),(157,19,'news_coverage_images/songs___rhymes_day/img7.jpg','2025-07-01 08:10:54'),(158,19,'news_coverage_images/songs___rhymes_day/img8.jpg','2025-07-01 08:10:54'),(159,19,'news_coverage_images/songs___rhymes_day/img9.jpg','2025-07-01 08:10:54'),(160,19,'news_coverage_images/songs___rhymes_day/img10.jpg','2025-07-01 08:10:54'),(161,20,'news_coverage_images/awareness_on_road_safty_and_traffic_rules/img1.jpg','2025-07-01 08:12:33'),(162,20,'news_coverage_images/awareness_on_road_safty_and_traffic_rules/img2.jpg','2025-07-01 08:12:33'),(163,20,'news_coverage_images/awareness_on_road_safty_and_traffic_rules/img3.jpg','2025-07-01 08:12:33'),(164,20,'news_coverage_images/awareness_on_road_safty_and_traffic_rules/img4.jpg','2025-07-01 08:12:33'),(165,20,'news_coverage_images/awareness_on_road_safty_and_traffic_rules/img5.jpg','2025-07-01 08:12:33'),(166,20,'news_coverage_images/awareness_on_road_safty_and_traffic_rules/img6.jpg','2025-07-01 08:12:33'),(167,20,'news_coverage_images/awareness_on_road_safty_and_traffic_rules/img7.jpg','2025-07-01 08:12:33'),(168,21,'news_coverage_images/diwali_celebration/img1.jpg','2025-07-01 08:13:09'),(169,21,'news_coverage_images/diwali_celebration/img2.jpg','2025-07-01 08:13:09'),(170,21,'news_coverage_images/diwali_celebration/img3.jpg','2025-07-01 08:13:09'),(171,21,'news_coverage_images/diwali_celebration/img4.jpg','2025-07-01 08:13:09'),(172,21,'news_coverage_images/diwali_celebration/img5.jpg','2025-07-01 08:13:09'),(173,22,'news_coverage_images/workshop_on_career___soft_skill/img1.jpg','2025-07-01 08:14:07'),(174,22,'news_coverage_images/workshop_on_career___soft_skill/img2.jpg','2025-07-01 08:14:07'),(175,22,'news_coverage_images/workshop_on_career___soft_skill/img3.jpg','2025-07-01 08:14:07'),(176,22,'news_coverage_images/workshop_on_career___soft_skill/img4.jpg','2025-07-01 08:14:07'),(177,22,'news_coverage_images/workshop_on_career___soft_skill/img5.jpg','2025-07-01 08:14:07'),(178,22,'news_coverage_images/workshop_on_career___soft_skill/img6.jpg','2025-07-01 08:14:07'),(179,22,'news_coverage_images/workshop_on_career___soft_skill/img7.jpg','2025-07-01 08:14:07'),(180,23,'news_coverage_images/esperanza_24_annual_day_celebration/img1.jpg','2025-07-01 08:14:52'),(181,23,'news_coverage_images/esperanza_24_annual_day_celebration/img2.jpg','2025-07-01 08:14:52'),(182,23,'news_coverage_images/esperanza_24_annual_day_celebration/img3.jpg','2025-07-01 08:14:52'),(183,23,'news_coverage_images/esperanza_24_annual_day_celebration/img4.jpg','2025-07-01 08:14:52'),(184,23,'news_coverage_images/esperanza_24_annual_day_celebration/img5.jpg','2025-07-01 08:14:52'),(185,23,'news_coverage_images/esperanza_24_annual_day_celebration/img6.jpg','2025-07-01 08:14:52'),(186,23,'news_coverage_images/esperanza_24_annual_day_celebration/img7.jpg','2025-07-01 08:14:52'),(187,23,'news_coverage_images/esperanza_24_annual_day_celebration/img8.jpg','2025-07-01 08:14:52'),(188,24,'news_coverage_images/two_day_cbse_workshop/img1.jpg','2025-07-01 08:16:29'),(189,24,'news_coverage_images/two_day_cbse_workshop/img2.jpg','2025-07-01 08:16:29'),(190,24,'news_coverage_images/two_day_cbse_workshop/img3.jpg','2025-07-01 08:16:29'),(191,24,'news_coverage_images/two_day_cbse_workshop/img4.jpg','2025-07-01 08:16:29'),(192,24,'news_coverage_images/two_day_cbse_workshop/img5.jpg','2025-07-01 08:16:29'),(193,24,'news_coverage_images/two_day_cbse_workshop/img6.jpg','2025-07-01 08:16:29'),(194,24,'news_coverage_images/two_day_cbse_workshop/img7.jpg','2025-07-01 08:16:29'),(195,25,'news_coverage_images/lohri_celebration/img1.jpg','2025-07-01 08:17:32'),(196,25,'news_coverage_images/lohri_celebration/img2.jpg','2025-07-01 08:17:32'),(197,25,'news_coverage_images/lohri_celebration/img3.jpg','2025-07-01 08:17:32'),(198,25,'news_coverage_images/lohri_celebration/img4.jpg','2025-07-01 08:17:32'),(199,25,'news_coverage_images/lohri_celebration/img5.jpg','2025-07-01 08:17:32'),(200,25,'news_coverage_images/lohri_celebration/img6.jpg','2025-07-01 08:17:32'),(201,25,'news_coverage_images/lohri_celebration/img7.jpg','2025-07-01 08:17:32'),(202,25,'news_coverage_images/lohri_celebration/img8.jpg','2025-07-01 08:17:32'),(203,26,'news_coverage_images/republic_day_celebration/img1.jpg','2025-07-01 08:18:18'),(204,26,'news_coverage_images/republic_day_celebration/img2.jpg','2025-07-01 08:18:18'),(205,26,'news_coverage_images/republic_day_celebration/img3.jpg','2025-07-01 08:18:18'),(206,26,'news_coverage_images/republic_day_celebration/img4.jpg','2025-07-01 08:18:18'),(207,26,'news_coverage_images/republic_day_celebration/img5.jpg','2025-07-01 08:18:18'),(208,26,'news_coverage_images/republic_day_celebration/img6.jpg','2025-07-01 08:18:18'),(209,26,'news_coverage_images/republic_day_celebration/img7.jpg','2025-07-01 08:18:18'),(210,26,'news_coverage_images/republic_day_celebration/img8.jpg','2025-07-01 08:18:18'),(211,26,'news_coverage_images/republic_day_celebration/img9.jpg','2025-07-01 08:18:18'),(212,27,'news_coverage_images/basant_panchami_celebration/img1.jpg','2025-07-01 08:19:23'),(213,27,'news_coverage_images/basant_panchami_celebration/img2.jpg','2025-07-01 08:19:23'),(214,27,'news_coverage_images/basant_panchami_celebration/img3.jpg','2025-07-01 08:19:23'),(215,27,'news_coverage_images/basant_panchami_celebration/img4.jpg','2025-07-01 08:19:23'),(216,27,'news_coverage_images/basant_panchami_celebration/img5.jpg','2025-07-01 08:19:23'),(217,27,'news_coverage_images/basant_panchami_celebration/img6.jpg','2025-07-01 08:19:23'),(218,27,'news_coverage_images/basant_panchami_celebration/img7.jpg','2025-07-01 08:19:23'),(219,27,'news_coverage_images/basant_panchami_celebration/img8.jpg','2025-07-01 08:19:23'),(220,27,'news_coverage_images/basant_panchami_celebration/img9.jpg','2025-07-01 08:19:23'),(221,28,'news_coverage_images/farewell_ceremony_/img1.jpg','2025-07-01 08:20:04'),(222,28,'news_coverage_images/farewell_ceremony_/img2.jpg','2025-07-01 08:20:04'),(223,28,'news_coverage_images/farewell_ceremony_/img3.jpg','2025-07-01 08:20:04'),(224,28,'news_coverage_images/farewell_ceremony_/img4.jpg','2025-07-01 08:20:04'),(225,28,'news_coverage_images/farewell_ceremony_/img5.jpg','2025-07-01 08:20:04'),(226,28,'news_coverage_images/farewell_ceremony_/img6.jpg','2025-07-01 08:20:04'),(227,28,'news_coverage_images/farewell_ceremony_/img7.jpg','2025-07-01 08:20:04'),(228,28,'news_coverage_images/farewell_ceremony_/img8.jpg','2025-07-01 08:20:04'),(229,28,'news_coverage_images/farewell_ceremony_/img9.jpg','2025-07-01 08:20:04'),(239,30,'news_coverage_images/annual_sports_day/IMG-20250305-WA0011.jpg','2026-01-09 10:01:21'),(240,30,'news_coverage_images/annual_sports_day/IMG-20250305-WA0005.jpg','2026-01-09 10:01:21'),(241,30,'news_coverage_images/annual_sports_day/IMG-20250305-WA0006.jpg','2026-01-09 10:01:21'),(242,30,'news_coverage_images/annual_sports_day/IMG-20250305-WA0007.jpg','2026-01-09 10:01:21'),(243,30,'news_coverage_images/annual_sports_day/IMG-20250305-WA0008.jpg','2026-01-09 10:01:21'),(244,30,'news_coverage_images/annual_sports_day/IMG-20250305-WA0009.jpg','2026-01-09 10:01:21'),(245,30,'news_coverage_images/annual_sports_day/IMG-20250305-WA0010.jpg','2026-01-09 10:01:21'),(246,30,'news_coverage_images/annual_sports_day/IMG-20250305-WA0012.jpg','2026-01-09 10:01:21'),(247,31,'news_coverage_images/sports_activity/IMG-20250310-WA0001.jpg','2026-01-09 10:02:07'),(248,31,'news_coverage_images/sports_activity/IMG-20250317-WA0005.jpg','2026-01-09 10:02:07'),(249,31,'news_coverage_images/sports_activity/IMG-20250317-WA0006.jpg','2026-01-09 10:02:07'),(250,31,'news_coverage_images/sports_activity/IMG-20250317-WA0007.jpg','2026-01-09 10:02:07'),(251,31,'news_coverage_images/sports_activity/IMG-20250317-WA0008.jpg','2026-01-09 10:02:07'),(252,31,'news_coverage_images/sports_activity/IMG-20250317-WA0009.jpg','2026-01-09 10:02:07'),(253,31,'news_coverage_images/sports_activity/IMG-20250317-WA0010.jpg','2026-01-09 10:02:07'),(254,31,'news_coverage_images/sports_activity/IMG-20250317-WA0011.jpg','2026-01-09 10:02:07'),(255,31,'news_coverage_images/sports_activity/IMG-20250317-WA0012.jpg','2026-01-09 10:02:07'),(256,31,'news_coverage_images/sports_activity/IMG-20250317-WA0013.jpg','2026-01-09 10:02:07'),(257,32,'news_coverage_images/graduation_ceremony/IMG-20250318-WA0003.jpg','2026-01-09 10:04:06'),(258,32,'news_coverage_images/graduation_ceremony/IMG-20250318-WA0000.jpg','2026-01-09 10:04:06'),(259,32,'news_coverage_images/graduation_ceremony/IMG-20250318-WA0001.jpg','2026-01-09 10:04:06'),(260,32,'news_coverage_images/graduation_ceremony/IMG-20250318-WA0002.jpg','2026-01-09 10:04:06'),(261,32,'news_coverage_images/graduation_ceremony/IMG-20250318-WA0004.jpg','2026-01-09 10:04:06'),(262,32,'news_coverage_images/graduation_ceremony/IMG-20250318-WA0005.jpg','2026-01-09 10:04:06'),(263,32,'news_coverage_images/graduation_ceremony/IMG-20250318-WA0006.jpg','2026-01-09 10:04:06'),(264,32,'news_coverage_images/graduation_ceremony/IMG-20250318-WA0007.jpg','2026-01-09 10:04:06'),(265,32,'news_coverage_images/graduation_ceremony/IMG-20250318-WA0008.jpg','2026-01-09 10:04:06'),(266,33,'news_coverage_images/new_session_begin/IMG-20250411-WA0002.jpg','2026-01-09 11:00:33'),(267,33,'news_coverage_images/new_session_begin/IMG-20250411-WA0008.jpg','2026-01-09 11:00:33'),(268,34,'news_coverage_images/world_health_day_celebration/IMG-20250410-WA0000.jpg','2026-01-09 11:01:19'),(269,34,'news_coverage_images/world_health_day_celebration/IMG-20250411-WA0003.jpg','2026-01-09 11:01:19'),(270,34,'news_coverage_images/world_health_day_celebration/IMG-20250411-WA0004.jpg','2026-01-09 11:01:19'),(271,34,'news_coverage_images/world_health_day_celebration/IMG-20250411-WA0005.jpg','2026-01-09 11:01:19'),(272,34,'news_coverage_images/world_health_day_celebration/IMG-20250411-WA0006.jpg','2026-01-09 11:01:19'),(273,34,'news_coverage_images/world_health_day_celebration/IMG-20250411-WA0007.jpg','2026-01-09 11:01:19'),(274,34,'news_coverage_images/world_health_day_celebration/IMG-20250411-WA0009.jpg','2026-01-09 11:01:19'),(275,34,'news_coverage_images/world_health_day_celebration/IMG-20250411-WA0010.jpg','2026-01-09 11:01:19'),(276,34,'news_coverage_images/world_health_day_celebration/IMG-20250411-WA0011.jpg','2026-01-09 11:01:19'),(277,35,'news_coverage_images/world_earth_day_celebration/IMG-20250425-WA0011.jpg','2026-01-09 11:02:08'),(278,35,'news_coverage_images/world_earth_day_celebration/IMG-20250425-WA0012.jpg','2026-01-09 11:02:08'),(279,35,'news_coverage_images/world_earth_day_celebration/IMG-20250425-WA0013.jpg','2026-01-09 11:02:08'),(280,35,'news_coverage_images/world_earth_day_celebration/IMG-20250425-WA0014.jpg','2026-01-09 11:02:08'),(281,35,'news_coverage_images/world_earth_day_celebration/IMG-20250425-WA0015.jpg','2026-01-09 11:02:08'),(282,35,'news_coverage_images/world_earth_day_celebration/IMG-20250425-WA0016.jpg','2026-01-09 11:02:08'),(283,35,'news_coverage_images/world_earth_day_celebration/IMG-20250425-WA0017.jpg','2026-01-09 11:02:08'),(284,36,'news_coverage_images/story_reciting_session/IMG-20250510-WA0004.jpg','2026-01-09 11:02:54'),(285,36,'news_coverage_images/story_reciting_session/IMG-20250510-WA0005.jpg','2026-01-09 11:02:54'),(286,36,'news_coverage_images/story_reciting_session/IMG-20250510-WA0006.jpg','2026-01-09 11:02:54'),(287,36,'news_coverage_images/story_reciting_session/IMG-20250510-WA0007.jpg','2026-01-09 11:02:54'),(288,36,'news_coverage_images/story_reciting_session/IMG-20250510-WA0008.jpg','2026-01-09 11:02:54'),(289,37,'news_coverage_images/investiture_ceremony/IMG-20250602-WA0013.jpg','2026-01-09 11:04:06'),(290,37,'news_coverage_images/investiture_ceremony/IMG-20250602-WA0014.jpg','2026-01-09 11:04:06'),(291,37,'news_coverage_images/investiture_ceremony/IMG-20250602-WA0015.jpg','2026-01-09 11:04:06'),(292,37,'news_coverage_images/investiture_ceremony/IMG-20250602-WA0016.jpg','2026-01-09 11:04:06'),(306,39,'news_coverage_images/brookfield_shine_in_cbse_exam/IMG-20250514-WA0003.jpg','2026-01-09 11:05:24'),(307,39,'news_coverage_images/brookfield_shine_in_cbse_exam/IMG-20250514-WA0002.jpg','2026-01-09 11:05:24'),(308,39,'news_coverage_images/brookfield_shine_in_cbse_exam/IMG-20250514-WA0004.jpg','2026-01-09 11:05:24'),(309,39,'news_coverage_images/brookfield_shine_in_cbse_exam/IMG-20250514-WA0005.jpg','2026-01-09 11:05:24'),(310,39,'news_coverage_images/brookfield_shine_in_cbse_exam/IMG-20250514-WA0006.jpg','2026-01-09 11:05:24'),(311,39,'news_coverage_images/brookfield_shine_in_cbse_exam/IMG-20250514-WA0007.jpg','2026-01-09 11:05:24'),(312,39,'news_coverage_images/brookfield_shine_in_cbse_exam/IMG-20250514-WA0008.jpg','2026-01-09 11:05:24'),(313,39,'news_coverage_images/brookfield_shine_in_cbse_exam/IMG-20250514-WA0009.jpg','2026-01-09 11:05:24'),(314,39,'news_coverage_images/brookfield_shine_in_cbse_exam/IMG-20250515-WA0005.jpg','2026-01-09 11:05:24'),(315,39,'news_coverage_images/brookfield_shine_in_cbse_exam/IMG-20250515-WA0006.jpg','2026-01-09 11:05:24'),(316,39,'news_coverage_images/brookfield_shine_in_cbse_exam/IMG-20250515-WA0007.jpg','2026-01-09 11:05:24'),(317,39,'news_coverage_images/brookfield_shine_in_cbse_exam/IMG-20251215-WA0003.jpg','2026-01-09 11:05:24'),(318,39,'news_coverage_images/brookfield_shine_in_cbse_exam/IMG-20251215-WA0004.jpg','2026-01-09 11:05:24'),(319,40,'news_coverage_images/samadhi_sadhna/IMG-20250707-WA0015.jpg','2026-01-10 07:51:33'),(320,41,'news_coverage_images/disaster_management_training_for_teachers_/IMG-20250707-WA0012.jpg','2026-01-10 07:52:23'),(321,41,'news_coverage_images/disaster_management_training_for_teachers_/IMG-20250707-WA0016.jpg','2026-01-10 07:52:23'),(322,41,'news_coverage_images/disaster_management_training_for_teachers_/IMG-20250707-WA0017.jpg','2026-01-10 07:52:23'),(323,41,'news_coverage_images/disaster_management_training_for_teachers_/IMG-20250707-WA0018.jpg','2026-01-10 07:52:23'),(324,41,'news_coverage_images/disaster_management_training_for_teachers_/IMG-20250707-WA0019.jpg','2026-01-10 07:52:23'),(325,41,'news_coverage_images/disaster_management_training_for_teachers_/IMG-20250707-WA0009.jpg','2026-01-10 07:52:23'),(326,41,'news_coverage_images/disaster_management_training_for_teachers_/IMG-20250707-WA0010.jpg','2026-01-10 07:52:23'),(327,41,'news_coverage_images/disaster_management_training_for_teachers_/IMG-20250707-WA0011.jpg','2026-01-10 07:52:23'),(328,41,'news_coverage_images/disaster_management_training_for_teachers_/IMG-20250707-WA0013.jpg','2026-01-10 07:52:23'),(329,41,'news_coverage_images/disaster_management_training_for_teachers_/IMG-20250707-WA0014.jpg','2026-01-10 07:52:23'),(330,42,'news_coverage_images/tree_plantation_drive/IMG-20250714-WA0003.jpg','2026-01-10 07:52:59'),(331,42,'news_coverage_images/tree_plantation_drive/IMG-20250714-WA0004.jpg','2026-01-10 07:52:59'),(332,42,'news_coverage_images/tree_plantation_drive/IMG-20250714-WA0005.jpg','2026-01-10 07:52:59'),(333,42,'news_coverage_images/tree_plantation_drive/IMG-20250714-WA0006.jpg','2026-01-10 07:52:59'),(334,42,'news_coverage_images/tree_plantation_drive/IMG-20250714-WA0007.jpg','2026-01-10 07:52:59'),(335,42,'news_coverage_images/tree_plantation_drive/IMG-20250714-WA0008.jpg','2026-01-10 07:52:59'),(336,42,'news_coverage_images/tree_plantation_drive/IMG-20250714-WA0009.jpg','2026-01-10 07:52:59'),(337,42,'news_coverage_images/tree_plantation_drive/IMG-20250714-WA0010.jpg','2026-01-10 07:52:59'),(338,42,'news_coverage_images/tree_plantation_drive/IMG-20250714-WA0011.jpg','2026-01-10 07:52:59'),(339,42,'news_coverage_images/tree_plantation_drive/IMG-20250714-WA0012.jpg','2026-01-10 07:52:59'),(340,43,'news_coverage_images/stem_week_with_curiocity_kid_lab/IMG-20250724-WA0008.jpg','2026-01-10 07:53:37'),(341,43,'news_coverage_images/stem_week_with_curiocity_kid_lab/IMG-20250724-WA0009.jpg','2026-01-10 07:53:37'),(342,43,'news_coverage_images/stem_week_with_curiocity_kid_lab/IMG-20250724-WA0010.jpg','2026-01-10 07:53:37'),(343,43,'news_coverage_images/stem_week_with_curiocity_kid_lab/IMG-20250724-WA0011.jpg','2026-01-10 07:53:37'),(344,43,'news_coverage_images/stem_week_with_curiocity_kid_lab/IMG-20250724-WA0012.jpg','2026-01-10 07:53:37'),(345,43,'news_coverage_images/stem_week_with_curiocity_kid_lab/IMG-20250724-WA0013.jpg','2026-01-10 07:53:37'),(346,43,'news_coverage_images/stem_week_with_curiocity_kid_lab/IMG-20250724-WA0014.jpg','2026-01-10 07:53:37'),(347,44,'news_coverage_images/independence_day_celebration/IMG-20250818-WA0000.jpg','2026-01-10 07:54:15'),(348,44,'news_coverage_images/independence_day_celebration/IMG-20250818-WA0001.jpg','2026-01-10 07:54:15'),(349,44,'news_coverage_images/independence_day_celebration/IMG-20250818-WA0002.jpg','2026-01-10 07:54:15'),(350,44,'news_coverage_images/independence_day_celebration/IMG-20250818-WA0003.jpg','2026-01-10 07:54:15'),(351,44,'news_coverage_images/independence_day_celebration/IMG-20250818-WA0004.jpg','2026-01-10 07:54:15'),(352,45,'news_coverage_images/interact_club_installation/IMG-20250828-WA0002.jpg','2026-01-10 07:54:54'),(353,45,'news_coverage_images/interact_club_installation/IMG-20250818-WA0005.jpg','2026-01-10 07:54:54'),(354,45,'news_coverage_images/interact_club_installation/IMG-20250829-WA0000.jpg','2026-01-10 07:54:54'),(355,45,'news_coverage_images/interact_club_installation/IMG-20250831-WA0006.jpg','2026-01-10 07:54:54'),(356,45,'news_coverage_images/interact_club_installation/IMG-20250831-WA0007.jpg','2026-01-10 07:54:54'),(357,45,'news_coverage_images/interact_club_installation/IMG-20250831-WA0008.jpg','2026-01-10 07:54:54'),(358,45,'news_coverage_images/interact_club_installation/IMG-20250831-WA0009.jpg','2026-01-10 07:54:54'),(359,45,'news_coverage_images/interact_club_installation/IMG-20250831-WA0010.jpg','2026-01-10 07:54:54'),(360,45,'news_coverage_images/interact_club_installation/IMG-20250831-WA0011.jpg','2026-01-10 07:54:54'),(361,46,'news_coverage_images/provided_relief_to_flood_area/IMG-20250929-WA0000.jpg','2026-01-10 07:55:28'),(362,46,'news_coverage_images/provided_relief_to_flood_area/IMG-20250925-WA0001.jpg','2026-01-10 07:55:28'),(363,46,'news_coverage_images/provided_relief_to_flood_area/IMG-20250925-WA0002.jpg','2026-01-10 07:55:28'),(364,46,'news_coverage_images/provided_relief_to_flood_area/IMG-20250926-WA0001.jpg','2026-01-10 07:55:28'),(365,46,'news_coverage_images/provided_relief_to_flood_area/IMG-20250926-WA0002.jpg','2026-01-10 07:55:28'),(366,46,'news_coverage_images/provided_relief_to_flood_area/IMG-20250926-WA0003.jpg','2026-01-10 07:55:28'),(367,46,'news_coverage_images/provided_relief_to_flood_area/IMG-20250926-WA0004.jpg','2026-01-10 07:55:28'),(368,46,'news_coverage_images/provided_relief_to_flood_area/IMG-20250926-WA0005.jpg','2026-01-10 07:55:28'),(369,46,'news_coverage_images/provided_relief_to_flood_area/IMG-20250926-WA0006.jpg','2026-01-10 07:55:28'),(370,47,'news_coverage_images/first_aid___cpr_session_/IMG-20241016-WA0003.jpg','2026-01-10 07:56:15'),(371,47,'news_coverage_images/first_aid___cpr_session_/IMG-20241016-WA0007.jpg','2026-01-10 07:56:15'),(372,47,'news_coverage_images/first_aid___cpr_session_/IMG-20241016-WA0008.jpg','2026-01-10 07:56:15'),(373,47,'news_coverage_images/first_aid___cpr_session_/IMG-20241016-WA0002.jpg','2026-01-10 07:56:15'),(374,47,'news_coverage_images/first_aid___cpr_session_/IMG-20241016-WA0004.jpg','2026-01-10 07:56:15'),(375,47,'news_coverage_images/first_aid___cpr_session_/IMG-20241016-WA0005.jpg','2026-01-10 07:56:15'),(376,47,'news_coverage_images/first_aid___cpr_session_/IMG-20241016-WA0006.jpg','2026-01-10 07:56:15'),(377,47,'news_coverage_images/first_aid___cpr_session_/IMG-20241016-WA0009.jpg','2026-01-10 07:56:15'),(378,47,'news_coverage_images/first_aid___cpr_session_/IMG-20241016-WA0010.jpg','2026-01-10 07:56:15'),(379,47,'news_coverage_images/first_aid___cpr_session_/IMG-20241016-WA0011.jpg','2026-01-10 07:56:15'),(380,48,'news_coverage_images/ramleela_performed_by_student/IMG-20241016-WA0013.jpg','2026-01-10 07:56:52'),(381,48,'news_coverage_images/ramleela_performed_by_student/IMG-20241016-WA0016.jpg','2026-01-10 07:56:52'),(382,48,'news_coverage_images/ramleela_performed_by_student/IMG-20241016-WA0017.jpg','2026-01-10 07:56:52'),(383,48,'news_coverage_images/ramleela_performed_by_student/IMG-20241016-WA0018.jpg','2026-01-10 07:56:52'),(384,48,'news_coverage_images/ramleela_performed_by_student/IMG-20241016-WA0012.jpg','2026-01-10 07:56:52'),(385,48,'news_coverage_images/ramleela_performed_by_student/IMG-20241016-WA0014.jpg','2026-01-10 07:56:52'),(386,48,'news_coverage_images/ramleela_performed_by_student/IMG-20241016-WA0015.jpg','2026-01-10 07:56:52'),(387,48,'news_coverage_images/ramleela_performed_by_student/IMG-20241016-WA0019.jpg','2026-01-10 07:56:52'),(388,48,'news_coverage_images/ramleela_performed_by_student/IMG-20241016-WA0020.jpg','2026-01-10 07:56:52'),(389,48,'news_coverage_images/ramleela_performed_by_student/IMG-20241016-WA0021.jpg','2026-01-10 07:56:52'),(390,49,'news_coverage_images/educational_excursion/IMG-20251015-WA0016.jpg','2026-01-10 08:19:33'),(391,49,'news_coverage_images/educational_excursion/IMG-20251015-WA0017.jpg','2026-01-10 08:19:33'),(392,49,'news_coverage_images/educational_excursion/IMG-20251015-WA0018.jpg','2026-01-10 08:19:33'),(393,49,'news_coverage_images/educational_excursion/IMG-20251015-WA0019.jpg','2026-01-10 08:19:33'),(394,49,'news_coverage_images/educational_excursion/IMG-20251015-WA0020.jpg','2026-01-10 08:19:33'),(395,49,'news_coverage_images/educational_excursion/IMG-20251015-WA0021.jpg','2026-01-10 08:19:33'),(396,50,'news_coverage_images/seminar_on_nutrition___healthy_diet/IMG-20251110-WA0002.jpg','2026-01-10 08:20:37'),(397,50,'news_coverage_images/seminar_on_nutrition___healthy_diet/IMG-20251030-WA0001.jpg','2026-01-10 08:20:37'),(398,50,'news_coverage_images/seminar_on_nutrition___healthy_diet/IMG-20251030-WA0002.jpg','2026-01-10 08:20:37'),(399,50,'news_coverage_images/seminar_on_nutrition___healthy_diet/IMG-20251030-WA0003.jpg','2026-01-10 08:20:37'),(400,50,'news_coverage_images/seminar_on_nutrition___healthy_diet/IMG-20251030-WA0004.jpg','2026-01-10 08:20:37'),(401,50,'news_coverage_images/seminar_on_nutrition___healthy_diet/IMG-20251030-WA0005.jpg','2026-01-10 08:20:37'),(402,50,'news_coverage_images/seminar_on_nutrition___healthy_diet/IMG-20251030-WA0006.jpg','2026-01-10 08:20:37'),(403,50,'news_coverage_images/seminar_on_nutrition___healthy_diet/IMG-20251030-WA0007.jpg','2026-01-10 08:20:37'),(404,50,'news_coverage_images/seminar_on_nutrition___healthy_diet/IMG-20251030-WA0008.jpg','2026-01-10 08:20:37'),(405,51,'news_coverage_images/informative___inspiring_worshop/IMG-20251211-WA0025.jpg','2026-01-10 08:22:29'),(406,51,'news_coverage_images/informative___inspiring_worshop/IMG-20251211-WA0026.jpg','2026-01-10 08:22:29'),(407,51,'news_coverage_images/informative___inspiring_worshop/IMG-20251211-WA0027.jpg','2026-01-10 08:22:29'),(408,51,'news_coverage_images/informative___inspiring_worshop/IMG-20251211-WA0028.jpg','2026-01-10 08:22:29'),(409,51,'news_coverage_images/informative___inspiring_worshop/IMG-20251211-WA0029.jpg','2026-01-10 08:22:29'),(410,51,'news_coverage_images/informative___inspiring_worshop/IMG-20251211-WA0030.jpg','2026-01-10 08:22:29'),(411,51,'news_coverage_images/informative___inspiring_worshop/IMG-20251211-WA0031.jpg','2026-01-10 08:22:29'),(412,51,'news_coverage_images/informative___inspiring_worshop/IMG-20251211-WA0032.jpg','2026-01-10 08:22:29'),(413,52,'news_coverage_images/celebration_of_guru_nanak_dev_ji_birthday/IMG-20251110-WA0003.jpg','2026-01-10 08:23:11'),(414,52,'news_coverage_images/celebration_of_guru_nanak_dev_ji_birthday/IMG-20251110-WA0004.jpg','2026-01-10 08:23:11'),(415,52,'news_coverage_images/celebration_of_guru_nanak_dev_ji_birthday/IMG-20251110-WA0005.jpg','2026-01-10 08:23:11'),(416,52,'news_coverage_images/celebration_of_guru_nanak_dev_ji_birthday/IMG-20251110-WA0006.jpg','2026-01-10 08:23:11'),(417,52,'news_coverage_images/celebration_of_guru_nanak_dev_ji_birthday/IMG-20251110-WA0007.jpg','2026-01-10 08:23:11'),(418,52,'news_coverage_images/celebration_of_guru_nanak_dev_ji_birthday/IMG-20251110-WA0008.jpg','2026-01-10 08:23:11'),(419,52,'news_coverage_images/celebration_of_guru_nanak_dev_ji_birthday/IMG-20251118-WA0016.jpg','2026-01-10 08:23:11'),(420,52,'news_coverage_images/celebration_of_guru_nanak_dev_ji_birthday/IMG-20251118-WA0024.jpg','2026-01-10 08:23:11'),(421,53,'news_coverage_images/conference_brook_mun_2025/IMG-20250916-WA0002.jpg','2026-01-10 08:24:06'),(422,53,'news_coverage_images/conference_brook_mun_2025/IMG-20250916-WA0003.jpg','2026-01-10 08:24:06'),(423,53,'news_coverage_images/conference_brook_mun_2025/IMG-20250916-WA0004.jpg','2026-01-10 08:24:06'),(424,53,'news_coverage_images/conference_brook_mun_2025/IMG-20250916-WA0005.jpg','2026-01-10 08:24:06'),(425,53,'news_coverage_images/conference_brook_mun_2025/IMG-20250916-WA0006.jpg','2026-01-10 08:24:06'),(426,53,'news_coverage_images/conference_brook_mun_2025/IMG-20250916-WA0007.jpg','2026-01-10 08:24:06'),(427,53,'news_coverage_images/conference_brook_mun_2025/IMG-20251118-WA0028.jpg','2026-01-10 08:24:06'),(428,53,'news_coverage_images/conference_brook_mun_2025/IMG-20251118-WA0017.jpg','2026-01-10 08:24:06'),(429,53,'news_coverage_images/conference_brook_mun_2025/IMG-20251118-WA0018.jpg','2026-01-10 08:24:06'),(430,53,'news_coverage_images/conference_brook_mun_2025/IMG-20251118-WA0019.jpg','2026-01-10 08:24:06'),(431,53,'news_coverage_images/conference_brook_mun_2025/IMG-20251118-WA0020.jpg','2026-01-10 08:24:06'),(432,53,'news_coverage_images/conference_brook_mun_2025/IMG-20251118-WA0021.jpg','2026-01-10 08:24:06'),(433,53,'news_coverage_images/conference_brook_mun_2025/IMG-20251118-WA0022.jpg','2026-01-10 08:24:06'),(434,53,'news_coverage_images/conference_brook_mun_2025/IMG-20251118-WA0023.jpg','2026-01-10 08:24:06'),(435,53,'news_coverage_images/conference_brook_mun_2025/IMG-20251118-WA0025.jpg','2026-01-10 08:24:06'),(436,53,'news_coverage_images/conference_brook_mun_2025/IMG-20251118-WA0026.jpg','2026-01-10 08:24:06'),(437,53,'news_coverage_images/conference_brook_mun_2025/IMG-20251118-WA0027.jpg','2026-01-10 08:24:06'),(445,55,'news_coverage_images/musical_carnival_organized_by_kindergaten_students/IMG-20251126-WA0004.jpg','2026-01-10 08:25:06'),(446,55,'news_coverage_images/musical_carnival_organized_by_kindergaten_students/IMG-20251126-WA0005.jpg','2026-01-10 08:25:06'),(447,55,'news_coverage_images/musical_carnival_organized_by_kindergaten_students/IMG-20251126-WA0006.jpg','2026-01-10 08:25:06'),(448,55,'news_coverage_images/musical_carnival_organized_by_kindergaten_students/IMG-20251126-WA0007.jpg','2026-01-10 08:25:06'),(449,55,'news_coverage_images/musical_carnival_organized_by_kindergaten_students/IMG-20251126-WA0008.jpg','2026-01-10 08:25:06'),(450,55,'news_coverage_images/musical_carnival_organized_by_kindergaten_students/IMG-20251126-WA0009.jpg','2026-01-10 08:25:06'),(451,55,'news_coverage_images/musical_carnival_organized_by_kindergaten_students/IMG-20251126-WA0010.jpg','2026-01-10 08:25:06'),(452,56,'news_coverage_images/esperanza_25_annual_day_celebration/IMG-20241221-WA0002.jpg','2026-01-10 08:25:58'),(453,56,'news_coverage_images/esperanza_25_annual_day_celebration/IMG-20251218-WA0002.jpg','2026-01-10 08:25:58'),(454,56,'news_coverage_images/esperanza_25_annual_day_celebration/IMG-20251218-WA0003.jpg','2026-01-10 08:25:58'),(455,56,'news_coverage_images/esperanza_25_annual_day_celebration/IMG-20251218-WA0004.jpg','2026-01-10 08:25:58'),(456,56,'news_coverage_images/esperanza_25_annual_day_celebration/IMG-20251218-WA0005.jpg','2026-01-10 08:25:58'),(457,56,'news_coverage_images/esperanza_25_annual_day_celebration/IMG-20251218-WA0006.jpg','2026-01-10 08:25:58'),(458,56,'news_coverage_images/esperanza_25_annual_day_celebration/IMG-20251218-WA0007.jpg','2026-01-10 08:25:58'),(459,56,'news_coverage_images/esperanza_25_annual_day_celebration/IMG-20251218-WA0008.jpg','2026-01-10 08:25:58'),(460,56,'news_coverage_images/esperanza_25_annual_day_celebration/IMG-20251215-WA0005.jpg','2026-01-10 08:25:58'),(461,56,'news_coverage_images/esperanza_25_annual_day_celebration/IMG-20251215-WA0006.jpg','2026-01-10 08:25:58'),(462,56,'news_coverage_images/esperanza_25_annual_day_celebration/IMG-20251215-WA0007.jpg','2026-01-10 08:25:58'),(463,56,'news_coverage_images/esperanza_25_annual_day_celebration/IMG-20251215-WA0008.jpg','2026-01-10 08:25:58'),(464,56,'news_coverage_images/esperanza_25_annual_day_celebration/IMG-20251215-WA0009.jpg','2026-01-10 08:25:58'),(465,56,'news_coverage_images/esperanza_25_annual_day_celebration/IMG-20251215-WA0010.jpg','2026-01-10 08:25:58'),(466,56,'news_coverage_images/esperanza_25_annual_day_celebration/IMG-20251215-WA0011.jpg','2026-01-10 08:25:58'),(467,56,'news_coverage_images/esperanza_25_annual_day_celebration/IMG-20251215-WA0012.jpg','2026-01-10 08:25:58'),(468,57,'news_coverage_images/guru_da_langer_organized/IMG-20260103-WA0000.jpg','2026-01-10 08:26:45'),(469,57,'news_coverage_images/guru_da_langer_organized/IMG-20260103-WA0001.jpg','2026-01-10 08:26:45'),(470,57,'news_coverage_images/guru_da_langer_organized/IMG-20260103-WA0002.jpg','2026-01-10 08:26:45'),(471,57,'news_coverage_images/guru_da_langer_organized/IMG-20260103-WA0003.jpg','2026-01-10 08:26:45'),(472,57,'news_coverage_images/guru_da_langer_organized/IMG-20260103-WA0004.jpg','2026-01-10 08:26:45'),(473,57,'news_coverage_images/guru_da_langer_organized/IMG-20260103-WA0005.jpg','2026-01-10 08:26:45'),(474,57,'news_coverage_images/guru_da_langer_organized/IMG-20260103-WA0006.jpg','2026-01-10 08:26:45'),(475,58,'news_coverage_images/christmas_day_celebration/Christmas Celebration by Kindergarten Students.jpg','2026-01-10 08:27:43'),(476,58,'news_coverage_images/christmas_day_celebration/WhatsApp Image 2025-12-27 at 6.01.57 PM.jpg','2026-01-10 08:27:43'),(477,58,'news_coverage_images/christmas_day_celebration/IMG-20251229-WA0007.jpg','2026-01-10 08:27:43'),(478,58,'news_coverage_images/christmas_day_celebration/IMG-20251229-WA0010.jpg','2026-01-10 08:27:43'),(479,58,'news_coverage_images/christmas_day_celebration/IMG-20251229-WA0011.jpg','2026-01-10 08:27:43'),(480,58,'news_coverage_images/christmas_day_celebration/IMG-20251229-WA0012.jpg','2026-01-10 08:27:43'),(481,58,'news_coverage_images/christmas_day_celebration/IMG-20251229-WA0008.jpg','2026-01-10 08:27:43'),(482,58,'news_coverage_images/christmas_day_celebration/IMG-20251229-WA0009.jpg','2026-01-10 08:27:43'),(483,58,'news_coverage_images/christmas_day_celebration/IMG-20251229-WA0013.jpg','2026-01-10 08:27:43');
/*!40000 ALTER TABLE `news_coverage_images` ENABLE KEYS */;
UNLOCK TABLES;
/*!40103 SET TIME_ZONE=@OLD_TIME_ZONE */;

/*!40101 SET SQL_MODE=@OLD_SQL_MODE */;
/*!40014 SET FOREIGN_KEY_CHECKS=@OLD_FOREIGN_KEY_CHECKS */;
/*!40014 SET UNIQUE_CHECKS=@OLD_UNIQUE_CHECKS */;
/*!40101 SET CHARACTER_SET_CLIENT=@OLD_CHARACTER_SET_CLIENT */;
/*!40101 SET CHARACTER_SET_RESULTS=@OLD_CHARACTER_SET_RESULTS */;
/*!40101 SET COLLATION_CONNECTION=@OLD_COLLATION_CONNECTION */;
/*!40111 SET SQL_NOTES=@OLD_SQL_NOTES */;

-- Dump completed on 2026-02-12  6:31:50
